codigo,nombre,link,contenidos_minimos,objetivos_aprendizaje,contenidos_titulo,contenidos_descripcion,actividades_descripcion
10.07,Creatividad,https://drive.google.com/file/d/1l7wDGzhnh32Bfp3VJsKKLn4YTT8vR4Ge/view?usp=drivesdk,"Que se entiende por creatividad. Características de una personalidad creativa. Elementos de la creatividad: persona, propósito, ambiente, proceso y técnicas. Modelo de aprendizaje y de memoria. CV de la persona creativa. Tipos de pensamiento. Modelo de comportamiento de la persona. Ejercicio de modelos de comportamiento. Test de creatividad. Límites de la creatividad relacionados al entorno.",Desarrollar actitudes y herramientas que le permitan aplicar procesos formales para la resolución creativa de problemas.,Concepto de creatividad|||La personalidad creativa|||Mente y cerebro creativo|||Bloqueos a la creatividad|||Factor tiempo|||Propósito de la creatividad|||Ambientes creativos|||Proceso Creativos|||Técnicas|||Evaluaciones|||Aplicaciones|||Equipos creativos,"Alcanzando una definición del tema. Los ingredientes principales. La nueva mirada. Aromas y sabores de la creatividad. Digestión aplicada.|||Conociendo mi postura y capacidades frente al tema. Fortalezas y debilidades propias. Constancia y confianza. Imaginación, conocimientos, actitud. ¿Qué tienen en común las personas más creativas?|||Consideraciones sobre la gestión de la base administradora de ideas|||Barreras interiores y exteriores: percepciones, cultura, emociones y creatividad.|||Influencia de la variable tiempo en los procesos creativos|||Vinculaciones de la creatividad y nuestra actividad profesional|||Cultura. Organizaciones y recursos. Ambientes físicos. Ambientes psicológicos.|||Metodologías para innovación y resolución de temas. Etapas, habilidades y compromisos.|||Técnicas para entender el tema. Técnicas para generar alternativas. Técnicas individuales, en equipo y grupales.|||Diferentes criterios para analizar soluciones alternativas y seleccionar las que se deban implementar o elaborar.|||Comunicación. Psicología. Educación. Desarrollo personal. Desarrollo social. Desarrollo de negocios. Creación artística. Desarrollo de productos. Gestión de la innovación.|||Gestión de Equipos creativos. Características. Generación. Convocatoria. Dinámicas de grupos. Devolución.",Los alumnos analizarán casos reales presentados por la cátedra y se discutirán las ventajas del empleo del pensamiento creativo y las distintas técnicas de la creatividad.|||Los alumnos eligirán casos reales que estén a su alcance y presentarán ideas de innovación y creatividad. Se pedirá que las ideas y soluciones innovadoras planteadas sean originales.
10.09,Formación para Emprendedores,https://drive.google.com/file/d/1ljCGMXPhKdUNvW3c13qxekHEuMCfvvt-/view?usp=drivesdk,"Contexto y Cultura del Emprendedor. El Emprendedor, su desarrollo Personal y Empresarial. El Proceso Emprendedor Profesional. El Equipo Emprendedor y el Management Requerido. Búsqueda de Ideas y Oportunidades. Validación de Ideas y Oportunidades. Modelización del Emprendimiento. Estrategias para el Acceso a Recursos Claves para Emprender.","En esta materia expone a los alumnos a:
• Fortalecer las capacidades de trabajo en equipos multidisciplinarios.
• Introducir a las nuevas formas de innovar, a través de la compresión de problemas relevantes de la sociedad.
• Poner en práctica nuevas herramientas de análisis de mercado a través de desafiarnos a salir del área de confort para validar la viabilidad del emprendimiento. 
• Desarrollar un modelo de negocios validado.		
• Poner en práctica una experiencia real vinculada a la presentación (pitch) de su emprendimiento frente a docentes, emprendedores y actores del ecosistema Emprendedor.",Módulo 1: ¿Cómo detectar una oportunidad de negocios?|||Módulo 2: Ajuste Problema/ Mercado|||Módulo 3: Ajuste Problema/Solución|||Módulo 4: Ajuste Solución/ Mercado|||Módulo 5: Ajuste estrategia Comercial|||Módulo 6:  Consolidar el equipo|||Módulo 7: Ajuste modelo de negocios|||Módulo 8: Cómo enamorar con nuestra historia,"La importancia de pensar en problemas como disparador de innovación.
La trinidad de la innovación y los 10 tipos de innovación.
Modelo de Negocios, primero el problema.
Metodologías Lean Startup, Desing Thinking, Runnning Lean (lean Canvas)
Los 10 tipos de innovación. |||Cómo segmentar clientes y usuarios por relevancia del problema.
Del mercado potencial al mercado inicial.
Estrategias de validación con foco ajuste problema - cliente.|||Del entendimiento del problema al bosquejo de una solución que nos permita capturar valor.
Propuesta Única de valor (ajuste problema - solución).
Modelos de ingresos y estrategia de precio.
Proceso Demo - Sell -Build.|||Concepto de producto mínimo viable (PMV).
Metodología para diseñar productos ajustados al cliente (Ajuste producto - mercado).|||Estrategias de comercialización según el estadio del emprendimiento.
Go to market model.
Métricas de desempeño.
Go to market model|||Concepto de ventaja injusta.
Propiedad intelectual.
Consideraciones a la hora de constituir un equipo sólido para llevar a cabo el emprendimiento.
Capital social.|||Ajustes para alcanzar el criterio mínimo de éxito
Mercado: TAM, SAM y SOM.
Costos e inversiones para cada etapa
Métricas para medir la viabilidad económica (PE, CAC, LTV y ROI).
Financiamiento de emprendimientos.|||Definición de Pitch, contenido, público, técnicas de presentación.
Elevator Pitch
Ecosistema emprendedor","Al finalizar el estudio de los elementos teórico prácticos de la semana se tendrá acceso a un quizz o actividad a completar, la misma se desarrolla online y se da un espacio de tiempo limitado para completarla, la duración varia entre 10 y 30 minutos dependiendo de si es un quizz o una actividad, la instancia de evaluación es individual.
Vencido el plazo de evaluación los alumnos tendrán acceso a las respuestas y comentarios del docente para completar su aprendizaje.
La calificación es por grado de participación.|||Esta actividad es grupal con calificación individual según su participación en el equipo.
Todas las semanas deberán realizar una entrega del avance hasta presentar el modelo completo en la semana 11. Las entregas son por la plataforma de BB.
Las entregas de avance se califican por participación y grado de avance.
La entrega definitiva se califica en base 10 y si bien el trabajo es grupal podrán tener distintas notas según su aporte al trabajo.
El docente a cargo del grupo los acompaña durante el desarrollo del modelo de negocios además los grupos disponen de 3 instancias de co creación y el acceso al los docentes asociados para consultas.|||La actividad consiste en video Pitch de 3 minutos por grupo que se entrega por la plataforma BB (se entrega la semana anterior a la finalización de cursada) y una instancia virtual, de media hora máximo, donde cada grupo se presenta en conjunto y cada alumno debe responder las preguntas que realice el docente, la evaluación es individual y se pondera con el  puntaje del video Pitch. La defensa se coordina por grupo para la ultima semana de cursada."
11.36,Innovación y Competitividad,,,,,,
12.83,Seguridad Ocupacional y Ambiental,https://drive.google.com/file/d/1Zj6A9ER3MCddvpL4HCpnDFy0dKTZkIjD/view?usp=drivesdk,"Introducción. Servicios de Medicina, Higiene y Seguridad. Edificios. Condiciones de Higiene. Condiciones de Seguridad. Accidentes. Actividades sobre Seguridad e Higiene en el Trabajo. Introducción al estudio del medio ambiente. Legislación ambiental. Sistemas de Gestión medioambiental. Etapas de implementación de la ISO 14001. Análisis de casos.","Los objetivos de la asignatura son que el estudiante logre:
• comprender los conceptos de higiene, seguridad y medio ambiente (HSMA) con una mirada práctica que le permita situarse rápidamente en estos temas en las organizaciones en las que se desempeñe.
• interiorizarse con los sistemas de gestión de salud y seguridad en el trabajo y medio ambiente.
• desarrollar una mirada práctica y crítica, integrando los conceptos de la materia con cada especialidad para formarse como un profesional comprometido con estos temas.
• describir e interpretar la problemática de las distintas áreas pudiendo priorizar alternativas que alimentaran el proceso de toma de decisión para la gestión de las actividades precitadas.",1. Introducción a la Higiene y Seguridad Ocupacional.|||2. Conceptos básicos.	|||3. Requisitos legales.	|||4. Temas técnicos.	|||5. Administración de riesgos.	|||6. Programa de seguridad efectivo.	|||7. Sistemas de Gestión de Salud y Seguridad Ocupacional.	|||8. Introducción al estudio del ambiente	|||9. Residuos y contaminación ambiental	|||10. Desarrollo sustentable	|||11. Legislación ambiental	|||12. Sistemas de Gestión Ambiental.	|||13. Evaluación de Impacto Ambiental	|||14. Gestión de emergencias ambientales,"Riesgos tecnológicos y riesgos laborales: definición y ejemplos. Importancia de tenerlos en cuenta. Principios y definiciones de la Higiene y Seguridad: salud, sitio de trabajo, peligro, riesgo, riesgo aceptable, accidente, accidente in-itienere, enfermedad profesional. ¿Por qué es importante la Higiene y Seguridad Laboral? Consecuencias para el empleador y el empleado. Cifras de referencia.|||Modelos de accidentes. ¿Por qué ocurren los accidentes? Identificación de peligros y evaluación de riesgos. Concepto de Barreras preventivas y protectivas. Medidas de minimización de riesgos.
|||Pirámide de documentación. Principales Leyes, Decretos y resoluciones relacionadas con la Higiene y Seguridad Laboral en Argentina. Fuentes de información. Ley Higiene y Seguridad, Ley de ART, Decreto 351/79, Decreto 658/96. Ley de Riesgos del Trabajo 24.557: ¿Por qué es obligatorio su cumplimiento?. Rol del Empresario y de las Aseguradoras de Riesgos del Trabajo (ART’s). Prestaciones en especie: prevención de riesgos; asistencia médico farmacéutica; servicios de emergencia y traslados; rehabilitación, recalificación profesional; prótesis; servicio fúnebre. Prestaciones dinerarias: salarios caídos, indemnización por incapacidad permanente o muerte.
|||Tipos de peligros y riesgos, medidas de prevención y de protección: contaminación del ambiente laboral, riesgos mecánicos, aparatos y aparejos para izar, riesgos eléctricos, conceptos de iluminación, ruidos en el amiente de trabajo, protección contra incendios. Señalizaciones. Espacios confinados. Ergonomía. Herramientas para identificación de causas raíz.
|||El circuito de las pérdidas. Ciclo de gerenciamiento del riesgo: identificación – análisis - evaluación, tratamiento y financiación de los riesgos. Rol de la prevención en el tratamiento y reducción de riesgos. Costo de la protección vs. costo de las no conformidades.
|||Cómo se mide el éxito de un programa de seguridad. Cuál es el rol de la dirección. Elementos que conforman un Programa de Seguridad Efectivo: • Investigación y análisis de incidentes: cómo se reporta e investiga un incidente/accidente, rol del supervisor en dicha tarea, clasificación por tipo de agentes, análisis de tendencias y de las diversas clases de no conformidades. Fijación de objetivos y planes de acción. Benchmarking. • Relevamientos previos a la no conformidad: su identificación y control. Análisis de seguridad del puesto de trabajo. • Seguridad basada en el comportamiento: teoría del comportamiento humano. Modelos tradicionales de seguridad vs. programa de seguridad basado en el comportamiento de los RRHH. Capacitación (no sé hacerlo) vs. motivación (no quiero hacerlo). Control del comportamiento deseado a través de la administración de consecuencias. • Control de Pérdidas Catastróficas: a través de la administración de Riegos • Salud y primeros auxilios: a través del departamento de medicina laboral (interno o externo) • Comité de seguridad: rol y responsabilidades de sus integrantes. Problemas más comunes que atentan contra su efectividad y cómo manejarlos.
|||Introducción a los Sistemas de Gestión. Concepto de sistema de gestión. Ciclo PDCA. Para qué sirven los sistemas de gestión. Cuáles son los sistemas de gestión más conocidos. Proceso de certificación. Definiciones y metodología. Elementos que constituyen un sistema de gestión. Norma OHSAS 18001:2007. Análisis de las distintas etapas que componen un sistema de gestión. Compromiso de la Dirección. Asignación de recursos. No conformidades, acciones correctivas y acciones preventivas. Preparación y respuesta ante la emergencia. Sistemas integrados.
|||Los componentes ambientales: litósfera, atmósfera e hidrósfera. La biósfera: composición, balances de materia y energía, biomas principales, taxonomía general, evolución de las especies, extinción. Ecología: niveles de organización (poblaciones, comunidades y ecosistemas), interacciones intra e interespecíficas, concepto de nicho ecológico, estrategias de vida r y K, biogeorgafía de islas, disturbios. Biodiversidad: conceptos e índices de riqueza y abundancia, enfoques de diversidad ?, ? y ?; ejemplos de bioindicación.
|||Clasificación de contaminantes, impacto sobre suelo, aire y agua, efecto invernadero, lluvia ácida, material particulado, smog, BTEX, PAH, CFC y la ozonósfera, dioxinas, PCBs, metales pesados, agroquímicos y eutroficación. Clasificación general de residuos, tipificación de residuos especiales, peligrosos y patogénicos, responsabilidades legales, alternativas de tratamiento, uso y disposición final. Efluentes líquidos y gaseosos: caracterización de corrientes, algunos analitos comunes (DQO y DBO5); tratamientos primarios, secundarios y terciarios; biodegradación, mineralización, generación de lodos. Concepto de límites de vuelco para el agua tratada e impacto de la contaminación sobre el ambiente y las personas (algunos ejemplos: sólidos sedimentables, cloro libre, lípidos, detergentes, coliformes fecales, pH, temperatura, DQO, DBO5, nitrógeno, fósforo, azufre, arsénico, selenio, mercurio).
|||Concepto global de desarrollo sustentable, bienes y servicios ecológicos, factores directos e indirectos de impacto antrópico, aspectos socio-económicos, político-institucionales y ecológicos, indicadores de desarrollo y sustentabilidad, balances de recursos y energía. Cambio climático: GEI y emisiones, informe del IPCC, visión geológica, meteorológica y biológica. Matriz energética en Argentina y el mundo; eficiencia energética, energías renovables. Diseño sustentable: ciclo del carbono, huella de carbono; ciclo del agua, huella hídrica, reúso del agua; huella ecológica, tecnologías para el reciclado de materiales; ejemplos de agricultura y edificación sustentables. Campo profesional de las distintas ingenierías en relación a la temática ambiental.
|||Legislación internacional vigente. Principales convenios internacionales sobre residuos y productos industriales. Legislación argentina (jerarquía de la legilslación argentina, Constitución Nacional y ambiente -Art. 41-, leyes de presupuestos mínimos - general del ambiente 25.675, bosques 26.331, glaciares 26.639 y otras). Pactos internacionales. Recurso de amparo ambiental, seguro ambiental y fondo de reparación. Derechos de incidencia colectiva; audiencia pública; rol del ciudadano, del Defensor del Pueblo, de los organismos gubernamentales (OG) y no gubernamentales (ONG) en temas ambientales. Legislación ambiental de la provincia de Buenos Aires y de la Ciudad de Buenos Aires.
|||Relación entre el medio ambiente y la industria. Serie de normas ISO 14000. Repaso de definiciones y ciclo de mejora continua. Beneficio de un Sistema de Gestión Ambiental. Elementos de un sistema de gestión ambiental. Revisión ambiental inicial, aspectos e impactos ambientales, determinación de la significancia. Desarrollo de las distintas etapas del sistema de gestión. Sistemas integrados de gestión. Cambios en las nuevas revisiones.
|||Definición y utilidad de la EIA. Aspectos legales internacional, nacional y provincial. Etapas de EIA: categorización de solicitudes, manifiesto de impacto ambiental, estudio técnico de impacto ambiental (EsIA), dictamen técnico, declaración de impacto ambiental (DIA), certificado de aptitud ambiental. El Estudio de Impacto Ambiental (EsIA) como eje del procedimiento: contenidos mínimos; identificación de efectos e impactos (aspectos conceptuales y técnicos); uso de índices, diagramas de flujo, superposición de imágenes, listas de chequeo. Evaluación de impactos: metodologías más usuales, métodos cuali y cuantitativos, uso de matrices, modelos y otros instrumentos de análisis; impactos significativos y no significativos; valoración de impactos. Planes de gestión ambiental: formulación de deseos o propuestas de acción; programas de mitigación y programas de vigilancia ambiental y monitoreo como herramientas básicas; control de cumplimiento; planes de contingencias.
|||Acciones inmediatas, seguimiento, manejo de ecosistemas (rehabilitación, remediación, reemplazo, mitigación, compensación y mejoramiento), gestión ambiental de los ambientes acuáticos y terrestres. Organismos nacionales e internacionales.","Caso de aestudio de accidente laboral a partir del cual se identifican y proponen nuevas barreras de tipo preventivas y protectivas.
|||Identificación de parámetros en legislación en aguas y consecuencias para la salud.
|||Cálculo de índices de biodiversidad.
|||Análisis de alternativas y selección de tratamiento de efluentes líquidos.
|||Aplicación del procesos de diseño para desarrollo sustentable de Van Hemel.
|||Elaboración de matriz de importancia."
16.04,Neurociencias y Desarrollo Productivo,https://drive.google.com/file/d/15Qp6n5ObHuVfg0YAvBytmFb7-xHNkMP0/view?usp=drivesdk,"Introducción a la neurociencia cognitiva. Neuroanatomía funcional. Aprendizaje, recompensa y motivación. Procesos mnésicos. Sueño. Sueño y memoria. Atención. Ceguera atencional. Toma de decisiones. Resolución de problemas, pensamiento creativo y sueño. Emoción. Estrés como modulador de procesos cognitivos. Burned out. Sueño y rendimiento laboral. Recompensa y motivación. Mindfulness y cambios neurofisiológicos.","Se espera que lxs estudiantes:
* al finalizar la materia puedan armar rutinas de estudio y trabajo basadas en la neurociencia del sueño y la memoria que les permitan maximizar su rendimiento laboral y académico.
* adquieran las herramientas necesarias para maximizar su rendimiento tanto académico como laboral, introduciendo estrategias basadas en las neurociencias como ser: reactivación de memorias específicas a través de la presentación de olores asociados durante el sueño, siestas cortas para favorecer la limpieza de las conexiones entre las neuronas y así mejorar el aprendizaje, aumento de la creatividad a través del sueño lúcido, alinear el cronotipo al momento de tomar elecciones importantes.
* desarrollen pensamiento crítico y creativo que les permita diseñar, a nivel teórico, diferentes dispositivos destinados a mejorar la cognición y el rendimiento.",MEMORIA|||RECOMPENSA Y MOTIVACIÓN|||SUEÑO Y MEMORIA|||CRONOTIPO|||HIGIENE DE SUEÑO|||EMOCIÓN|||ESTRÉS|||FÁRMACOS|||ATENCIÓN|||INTRODUCCIÓN A LA INTERFAZ CEREBRO MÁQUINA|||TOMA DE DECISIONES|||EMPATÍA Y ALTRUISMO|||CONSCIENCIA Y SUEÑO|||,"¿Qué es la memoria? Tipos de memoria. Fases de la memoria: Adquisición, consolidación, evocación, reconsolidación, extinción y olvido. Interferencia de la memoria a distintos niveles. Labilización y Reconsolidación de la memoria. Error en la predicción, su rol en el aprendizaje y modificación de memorias. Funcionalidad de la reconsolidación de memoria. El efecto sorpresa sobre el aprendizaje. ¿Cómo puede aplicarse la reconsolidación al proceso educativo? ¿Todo lo que recordamos realmente ocurrió? Falsas memorias, formación, ventajas y desventajas. El olvido. Interacción entre memorias durante la evocación. Olvido inducido por evocación. Olvido motivado. Amnesia infantil.|||¿Qué es la motivación? Estados motivacionales: Drive States, búsqueda de alimento y Aspiraciones personales. Tipos de aprendizaje. Condicionamiento clásico e instrumental. Características. Recompensa. Procesos de refuerzo. Respuestas de acercamiento/alejamiento. Modulación de la memoria. Circuitos neuronales involucrados en la motivación y recompensa. Drogas de abuso. Aplicaciones: en el aula y en empresas. |||¿Qué es el sueño? ¿Cómo se estudia? Rol del sueño en la formación y modificación de memorias. Rol de las ondas lentas, husos de sueño y oscilaciones hipocampales en la consolidación y su efecto sobre distintos tipos de memoria. Diálogo hipocampo cortical durante el sueño. Efecto del sueño sobre la adquisición de nuevas memorias. ¿Cómo podemos inducir la mejora de memorias específicas durante el sueño? Estimulación por clave, eléctrica y estimulación acústica de lazo cerrado. Reactivación de la memoria durante el sueño de ondas lentas vs. reactivaciones en sueño de movimientos oculares rápidos. Integración de la información durante el sueño. Sueño, memoria y aprendizaje en el aula.|||Regulación homeostática y circadiana del sueño. Cronotipo: aspectos biologicos, cómo se determina. Cronotipo y Educación: ¿Cómo afecta el cronotipo el rendimiento académico?|||Higiene de sueño. Cómo una mala higiene afecta la productividad. Privación de sueño y rendimiento. Desórdenes del sueño y su impacto en la productividad. |||Estudio de las bases neurofisiológicas de la emoción. Sistema límbico y sistema nervioso autónomo. Componentes cognitivos, conductuales y fisiológicos de la emoción. Función adaptativa, motivacional y comunicativa de las emociones. Emoción, memoria y sueño. Impacto en la productividad.|||Neurobiología del estrés. Cómo el estrés afecta las diferentes fases de la memoria: adquisición, consolidación, evocación y reconsolidación. Relación entre el estrés, el sueño y la memoria.|||Modulación de la memoria, sueño y vigilia por fármacos. Efecto de la cafeína sobre el rendimiento, adquisición y consolidación de la nueva información.|||Atención. Redes atencionales. Ceguera atencional. Ceguera al cambio. Multitasking. Entrenamiento de la atención: Mindfulness. Atención y su relación con el sueño. |||Introducción a la Interfaz Cerebro-Máquina y aplicación en la clínica. Arquitectura de la Solución de BCI. Paradigmas no-invasivos: P300, Motor Imagery, Steady State Visual Evoked Potentials, Error Potentials. Machine Learning aplicado a EEG.|||Toma de decisiones. Percepción. Sesgo de confirmación. Pensamiento crítico. Motivación. Decisiones colectivas. Teoría de detección de señales.|||Burned out. Factores moderadores, individuales y contextuales. Empatía y Asertividad. Avances de la Neurociencia. Teoría de la mente. Altruismo y cooperación. Entrenamiento en habilidades sociales. Estimulación y mejora de la cognición.|||Consciencia y sueño. Sueño Lúcido y creatividad. Técnicas de inducción en el laboratorio. Estados alterados de consciencia durante el sueño. Mindfulness y cambios neurofisiológicos. Pensamiento creativo en la resolución de problemas. Sueño|||","Los trabajos se realizarán de forma grupal y presencial. En caso de que el estudiante no concurra al establecimiento ese día deberá entregarlo resuelto de forma escrita e individual. En ese caso tendrá 15 días a partir de la fecha para entregarlo. Los prácticos tendrán como objetivo consolidar el aprendizaje y generar pensamiento crítico y fomentar la creatividad. Los estudiantes recibirán la consigna de cada trabajo práctico al finalizar cada módulo teórico, en clase. Deberán discutirlo en grupo y realizar una exposición oral sobre la resolución la que se discutirá entre toda la clase. 
Método de evaluación. Los trabajos prácticos podrán tener dos tipos de nota: Aprobado, Desaprobado. Se realizarán 10 trabajos prácticos en total, de los cuales deberán tener 8 aprobados para aportar nota de concepto.|||El cine científico se desarrollará durante los horarios de cursada. Los estudiantes serán divididos en grupos, cada grupo deberá ver una película seleccionada por los docentes para luego analizarla desde el punto de vista científico y relacionarla con los temas vistos en la materia. Método de evaluación: Cada grupo deberá presentar el análisis obtenido de forma oral pudiendo utilizar el material audiovisual que deseen (PowerPoint, videos con selección de escenas, etc.). Se evaluará la exposición de cada grupo, teniendo en cuenta cómo los alumnos interpretaron la película desde el punto de vista científico, así como en la forma en la que pudieron vincularla con los contenidos de la materia. Tendrá una nota numérica (del 1-10) y se promediará con las notas de los 2 exámenes parciales para obtener la nota de cursada."
16.50,Introducción a la Bioinformática,,,,,,
16.57,Robótica Bioinspirada,https://drive.google.com/file/d/14CO-4uw7xDJ4bWodpRCggBqKKqncknAe/view?usp=drivesdk,Que es un robot? Sensores y actuadores. Robots para el estudio de sistemas biológicos. Interacción humano-robot. Cognición embebida.,"Se espera que lxs estudiantes: 
    • Incorporen herramientas básicas para el diseño e implementación de sistemas robóticos.
    • Generen una visión interdisciplinaria comprendiendo cómo pueden integrarse miradas que provienen de diferentes áreas del conocimiento para el abordaje de problemas.  
    • Desarrollen pensamiento crítico y creativo.
    • Adquieran las herramientas necesarias para aplicar, en su vida académica y profesional, los conocimientos adquiridos.",Introducción|||Sensores y actuadores|||Robots para el estudio de sistemas biológicos|||Interacción Humano-Robot|||Aspectos Filosóficos,"Que es un robot? definiciones. Robots biomiméticos. Aportes de la biología a la robótica.  Aportes de la  robótica a la biología. Autoorganización. Homeostasis y homeokinesis.   Vehículos autonomos. El problema del bien  mayor y la  máquina moral.  Puede un robot tener conciencia? Problemas éticos en el uso de robots.|||Introducción a los sensores y actuadores.  Sensores y actuadores en biología.  Sensores y actuadores analógicos y digitales.  Nociones básicas de teoría de control.  
Open loop. Closed loop.  Feedback loops (bucles de retroalimentación).  Robots propioceptivos. |||Robots biomiméticos como herramienta para el estudio de sistemas biológicos.   Ejemplos. Interacción de robots con pingüinos.   Sistemas complejos y fenómenos emergentes. Autoorganización. Comportamientos  colectivos. Ejemplos. Robots para el control de cardúmenes de peces.  Modulación del  comportamiento en cucarachas.  Vehículos de Braitenberg. |||Robots terapéuticos. La cría de foca Paro. Aibo, el perro de Sony. Boxie,  un robot que filma documentales. Robots falibles del ICD Lab, Japon.   Robots humanoides: Sofia de Hanson Robotics. El doble de Iroshi Ishiguro.  El problema del valle inquietante  (the uncanny valley).|||Cognición embebida. El cerebro como sistema aislado.  El rol del cuerpo y 
el ambiente. Umwelt. Interfaces cerebro máquina (BCI). Neuralink. Cyborgs.
Problemas éticos y morales.",En la clase práctica de sensores y actuadores lxs estudiantes aprenderán a construir dispositivos que puedan sensar el medio ambiente y responder mediante acciones utilizando placas Arduino . Se utilizarán sensores de luz (LRD) y de distancia (ultrasónicos) para medir señales del medio ambiente y servos y motores para ejecutar las acciones.  |||En la clase práctica se aplicarán los conocimientos adquiridos en la teoría y en la clase práctica de Sensores y actuadores para construir Vehículos de Braitenberg. Se espera que lxs alumnos sean capaces de construir un vehículo multisensorial como la tortuga de Grey Walter. |||En la clase práctica lxs alumnos construirán un ojo mecatrónico como un dispositivo simple que puede responder con gestos y representar emociones en su interacción con humanos.
16.82,Neurociencia Computacional,,,,,,
22.09,Fundamentos Electrónicos de la Informática,,,,,,
22.48,Procesamiento de Imágenes,https://drive.google.com/file/d/1vwqgT4KBwjAWrYjnyUUJDJB1Etgu4xPD/view?usp=drivesdk,"1 Fundamentos
2 Transformación de imágenes
3 Mejoramiento de imágenes
4 Restauración de imágenes
5 Procesamiento del Color
6 Periférico para la Conversión Analógica Digital
7 Análisis de imágenes y visión por computadora 
8 Reconstrucción de la imagen a partir de sus proyecciones
9  Compresión de imágenes","Introducir al estudiante en la representación y adquisición de imágenes digitales.
Fomentar la interpretación de imágenes en el dominio de la frecuencia.
Poner en practica la aplicación de algoritmos para extraer informacion de las imágenes (ej imagenes medicas). 
Introducir al estudiante en las diferentes áreas de aplicación del procesamiento de imágenes.",Introduccion a la vision|||Representacion de imagenes|||Señales y sistemas|||Filtros|||Mejoramiento de la imagen en el dominio espacial|||Restauracion de imagenes	|||Color en imagenes|||Morfologia|||Tomografia|||Resonancia magnetica|||Compresion de imagenes||||||||||||||||||||||||,"El sistema de vision humana. Vision perceptual,Adaptacion,Ley de weber,Ilusiones opticas.Bandas de Mach,Resolucion espacial.Enmascaramiento espacial|||Representacion de imagenes Adquisicion Ej CCD. Muestreo Cuantizacion.Percepcion.Patrones de Moire,Vecindarios,conectividad.|||Revision de conceptos de señales. Muestreo. Secuencias en 2D,Convolucion.Transformada discreta de fourier en 2D.Propiedades Ejemplos|||Filtrado en el dominio espacial.Mascaras y kernels.Filtro pasabajos. Filtros no lineales: Filtro mediana.Filtro pasa altos,Laplaciano,Mejoramiento de bordes usando el laplaciano.High boost.Filtrado en el dominio de la frecuencia.Filtrado homomorfico.|||Transformaciones en el dominio espacial. Mejoramiento del contraste. Correccion gama. Bit plane slicing. Brillo y contraste. Histograma.Equalizacion.|||Modelo de formacion de imagenes.Modelos de degradacion. Restauracion.Metodos de restauracion ej: Filtro de Wiener|||Fundamentos.Radiomeria y Fotometria. Radiancia Luminancia y brillo. Percepcioon Modelos de Color.RGB.CMY(K),HSI,YIQ.Gamut. Aquisicion del color de una imagen en CCD.Color filter Array (CFA). Filtro de Bayer.|||Operaciones Morfologicas, Erosion,Dilacion,Apertura,Cierre. Hit or mis. Extraccion de bordes.Relleno de regiones.Thinning.Segmentacion|||Definicion y usos. Concepto de proyeccion.Proyection slice theorem. Metodos de Reconstruccion.Formula de inversion de Radon. Ejemplo numerico.|||Que es ? El atomo de hidrogeno.Spin.Precesion de Larmor. El Resonador magnetico Campo magnetico, Inductores de gradiente. Inductores de RF. Reconstruccion de la imagen.|||Que es la compresion de imagenes? Redundancia. CodificacionHuffman,JPEG. DCT. Cuantizacion.Codificacion. Ejemplo.||||||||||||||||||||||||",Problemas sobre vision. Resolucion espacial. Ejercicios sobre el uso de Matlab / Python en imagenes|||Problemas sobre Representacion de imagenes en el espacio y en la frecuencia|||Implementacion de filtros |||Problemas sobre mejoramiento de imagenes en el dominio espacial|||Problemas e investigacion sobre restauracion de imagenes|||Problemas sobre imagenes en color|||Problemas sobre Morfologia|||Problemas sobre tomografia
23.15,Realidad Virtual,https://drive.google.com/file/d/1qNlFfBdIkXNjBCl_xZ09H0wGGe2P4l6J/view?usp=drivesdk,"Principios de realidad virtual. Graphics pipeline. Modelado 3D y motores de videojuegos. Lenguajes artísticos combinados.
Rendering 3D. Diseño de interacción de realidad virtual.","- Que los estudiantes desarrollen la capacidad de diseñar y desarrollar mundos de realidad virtual, tanto desde el punto de vista tecnológico y artístico.
- Que los estudiantes desarrollen la capacidad de comunicar ideas en forma efectiva a través de medios audiovisuales.",Introducción a la realidad virtual|||Diseño de objetos y motores de mundo|||Introducción al arte|||Graphics & audio pipelines|||Interaction design,"Historia, principios, dispositivos, aplicaciones, estado del arte.|||Modelado 3D, motores de mundo, entes geométricos, transformaciones, normales, formatos 3D.|||Fotografía, luminotecnia, cinematografía, sonorización, videojuegos, expresión corporal.|||GPU, rasterization, raytracing, sombreado, raytracing, sombras, reflexiones, ambient occlusion, antialiasing, optimización, texturas, physically based rendering, audio inmersivo.|||Animación, interpolación, curvas, simulación física, paradigmas, encarnación, inmersión, visceralidad, presencia, ofrecimientos, patrones de diseño, el cuerpo virtual, la identidad virtual, animación corporal, controladores de animación, realidad virtual social, tracking de objetos, integración con Internet, prospectos.","En este trabajo los estudiantes deben diseñar y desarrollar un prototipo de un mundo de realidad virtual.|||En este trabajo los estudiantes deben modelar un objeto en 3D, teniendo en cuenta las limitaciones de los motores de mundo de realidad virtual.|||En este trabajo los estudiantes deben diseñar una escena de realidad virtual con iluminación y materiales realistas.|||En este trabajo los estudiantes deben diseñar una historia de un mundo de realidad virtual con medios audiovisuales.|||En este trabajo los estudiantes deben realizar un diseño de interacción con el usuario.|||En este trabajo los estudiantes deben animar objetos, cámaras y cuerpos virtuales.|||"
25.04,Computación Cuántica,,,,,,
48.02,AI: Data Management Course & Digital Transformation,,,,,,
61.08,Derecho Digital,https://drive.google.com/file/d/1CORdvHoSmyqkYvh-t1Ge1tZgWm0Pq6HL/view?usp=drivesdk,Derecho y Tecnología. Responsabilidad jurídica de los distintos actores dentro de la Sociedad de la Información. Blockchain y sus implicancias. Data Privacy Propiedad intelectual. Ciberdelitos.,"Dotar a la comunidad educativa de ITBA de la formación jurídica de frente al uso de las herramientas tecnológicas (TICS). Brindar los conocimientos imprescindibles para entender las implicancias jurídicas y el marco regulatorio de los emprendimientos tecnológicos.
Algunos de los ejes principales de esta materia:
•	Dotar al futuro profesional de una mirada jurídico-ética de su accionar dentro del mundo de la tecnología.
•	Analizar el marco legal de las nuevas tecnología, ventajas, riesgos y cómo operar cada una de ellas. 
•	Reflexionar acerca del futuro jurídico tecnológico.",Clase 1: |||Clase 2: |||Clase 3: |||Clase 4:|||Clase 5:,"Derechos y Tecnología. Responsabilidad jurídica de los distintos actores dentro de la Sociedad de la Información.  (ASPECTO GENERALES – DERECHO AL OLVIDO – DERECHO A LA INTIMIDAD –RESP. JURIDICA INTERMEDIARIOS)|||Blockchain y sus implicancias jurídicas. (IA Y RESPONSABILIDAD – ALCANCE JURÍDICO Y ÉTICO – RESPONSABILIDAD EN TOMA DE DESICIONES AUTOMATIZADAS – SMART CONTRACTS Y BLOCKCHAIN). |||Data Privacy y Propiedad intelectual. (RECOLECCIÓN DE DATO. NORMAS INTERNACIONALES – SEGURIDAD DE LA INFORMAMCIÓN – PROTECCION DE DATOS PERSONALES – NORMATIVA Y CASOS)|||(TECONOLOGÍA Y CRIMEN – SUPRESION DE IDENTIDAD – SEGURIDAD DE LA INFORMACIÓN CORPORATIVA. CASOS).|||Pensando el futuro. Presentaciones sobre proyectos de los temas estudiados.  
(PRESENTACION DE LOS ALUMNOS QUE DEMUESTREN SU CAMBIO DE PERSPECTIVA FRENTE A UN EMPRENDIMIENTO REAL O HIPOTÉTICO LUEGO DEL ANÁLISIS DE LOS TEMAS VISTOS EN CLASE.)","presentación de cada tema clase a case en forma virtual sincrónica con apoyo en presentaciones de power point, canva o pdf. |||trabajo grupal con la participación del profesor donde se aplica a cada contrato los elementos trabajados previamente."
61.11,Derecho Laboral y Seguridad Social en la Empresa,https://drive.google.com/file/d/1HhDHnDjSMWQXupJQnYXIBOGzzREKhUov/view?usp=drivesdk,"Contratacion laboral, Condiciones particulares del empleado Extinción de la relación laboral Seguridad social","Que el alumno se interiorice de la problemática existente en la empresa con relación al ámbito del derecho laboral y las implicancias básicas de las contingencias de la seguridad social. Que el alumno sepa analizar y distinguir las situaciones y sepa dar los primeros pasos para enfrentarlas, ante la inminencia de contingencias abarcadas en los saberes vistos. Ello como paso previo y necesario a obtener el asesoramiento profesional adecuado para solucionar dichas contingencias, en cada caso.",Clase 1|||Clase 2|||Clase 3|||Clase 4|||Presentación,"La contratación Laboral. Derechos y Deberes de las partes. Formas de contratación laboral. Problemática del empleo no registrado|||Salarios, Convenio Colectivos de Trabajo, obligaciones particulares según cada empresa y actividad. Régimen de las Licencias. Enfermedades inculpables. Ley de Riesgos de Trabajo|||Extinción de la relación de empleo. Despido. Indemnizaciones: su cálculo y procedencia según cada caso. Contingencias especiales que extinguen la relación laboral, sus consecuencias|||Seguridad Social. Contingencias, prestaciones y cobertura. Obligaciones de la Seguridad Social delegadas en el empleador. Obra Sociales. Asignaciones Familiares. El SIPA y las contingencias de la vejez y la invalidez (jubilaciones y pensiones|||Según la cantidad de alumnos en forma individual o grupal deberán resolver y someterse a las consultas de sus compañeros, en forma presencial, una problemática real de empresa del ámbito laboral avisada previamente.","presentación de cada tema clase a case en forma virtual sincrónica con apoyo en presentaciones de power point, canva o pdf. |||trabajo grupal con la participación del profesor donde se aplica a cada contrato los elementos trabajados previamente."
61.13,Práctica Contractual,https://drive.google.com/file/d/15RzSetDS-BBgewDbIZd-nCH-QvJZYPUF/view?usp=drivesdk,"Régimen General contractual
Cláusulas típicas de contratos de servicio y aplicación a emprendimientos
Modalidades de de conclusión contractual y aplicación a emprendimientos
adecuación de emprendimientos a contratos
Caos prácticos.","Dotar a la comunidad educativa de ITBA de la formación jurídica contractual a través de la creación de un emprendimiento ficticio o real (si el alumno lo propusiese) de forma que pueda generar a lo largo del curso un contrato útil que regule la actividad principal de dicho emprendimiento (contrato de servicios o de productos). Brindar los conocimientos imprescindibles para entender las implicancias jurídicas y el marco regulatorio de los emprendimientos que se elijan en clase.

Algunos de los ejes principales de esta materia:
•	Dotar al futuro profesional de una mirada jurídica contractual de su accionar dentro del mundo de los negocios.
•	Analizar el marco legal de los distintos emprendimientos, ventajas, riesgos y cómo operar jurídicamente cada uno de ellos. 
•	Reflexionar acerca de las implicancias jurídicas de cada negocio, servicio o producto que se introduzca en el mercado.",Clase 1: Virtual sincrónica.|||Clase 2: Virtual sincrónica.|||Clase 3: Virtual sincrónica.|||Clase 4: Virtual sincrónica.|||Clase 5: Presencial.,"Régimen General contractual. (clase expositiva)|||Primera parte: Cláusulas típicas de contratos de servicio. 
Segunda parte: su aplicación al emprendimiento particular. |||Primera parte: Distintas modalidades para conclusión contractual. Segunda parte: su aplicación al emprendimiento particular.
|||Primera parte: Adecuación de cada emprendimiento a su contrato respectivo.
Segunda parte: su aplicación al emprendimiento particular.

|||Exposición de cada grupo por nota explicando su emprendimiento y los detalles del contrato que desarrollaron. Los alumnos cuentan con una matriz evaluatoria en campus.","presentación de cada tema clase a case en forma virtual sincrónica con apoyo en presentaciones de power point, canva o pdf. |||trabajo grupal con la participación del profesor donde se aplica a cada contrato los elementos trabajados previamente."
61.50,Finanzas de la Empresa,https://drive.google.com/file/d/1605CKzF5MFkG9xzplyjRFXh0CmTP9vHC/view?usp=drivesdk,-Objetivos de la gestión financiera de la empresa-Análisis financiero-Planeamiento financiero-Control financiero-Gestión del activo fijo y circulante-Mercados financieros y de capital-Valuación de obligaciones y acciones-Política de dividendos y estructura de capital-Derivados-Costo de capital-Fusión y adquisiciones de empresas,"Introducirse en el mundo de las finanzas, sus protagonistas y las decisiones financieras. 
Desarrollar habilidades técnicas de análisis e interpretación de estados contables. 
Adquirir metodología para valuar contratos y valores que implican una serie de flujos de efectivo. 
Entender por qué cambian los precios y rendimientos de los activos. 
Apreciar cómo el riesgo influye en la toma de decisiones. 
Entender el proceso de selección de cartera. 
Incorporar el modelo CAPM para deducir la tasa correcta. 
Explicar mecanismos de mercado para instrumentar la cobertura y obtener protección. 
Aplicar y valuar instrumentos derivados.  
Incorporar técnicas de proyección de estados contables. 
Entender cómo una empresa puede producir valor mediante las decisiones concernientes a la estructura de capital. 
Reconocer opciones reales en los proyectos y adquirir un método para valuarlas.  
Introducirse en la valuación de empresas","UNIDAD I: CONCEPTO DE VALOR, LAS FINANZAS Y EL SISTEMA FINANCIERO.|||UNIDAD II: ADMINISTRACIÓN DE FINANZAS CORPORATIVAS.  |||UNIDAD III: VALUACIÓN.|||UNIDAD IV: ADMINISTRACIÓN DEL RIESGO Y TEORÍA DE CARTERA.|||UNIDAD V: ADMINISTRACIÓN DE FINANZAS CORPORATIVAS II.  |||UNIDAD VI: DERIVADOS Y SU VALUACIÓN I|||UNIDAD VII: DERIVADOS Y SU VALUACIÓN II|||UNIDAD VIII:  LA ESTRUCTURA DE CAPITAL|||  UNIDAD IX: OPCIONES REALES|||  UNIDAD X: VALUACION DE EMPRESAS","Finanzas. Estudio de las Finanzas. Decisiones Financieras. Separación Propiedad y Administración. El Objetivo de la Administración. El Ingeniero y las Finanzas. Sistema Financiero. El Flujo de Fondos. El Enfoque Funcional. Innovación Financiera y la “Mano Invisible”. Mercados Financieros. Tasas de los Mercados Financieros.|||Revisión de los Estados Financieros. Valores de Mercado frente a Valores de Libros. Medida Contable del Ingreso frente a la Medida Económica del Ingreso. Rendimiento de los Accionistas frente a Rendimiento sobre el Patrimonio Neto. Análisis por medio de Razones Financieras. Relación entre Razones. Limitación del Análisis de Razones. EVA.|||Principios de Valuación de Activos. Valor y Precio. Maximización del Valor. Ley del Precio Único y Arbitraje. Modelos de Valuación. Valuación de Bonos. Estructuras básicas. Rendimientos. Precios y su Comportamiento. Rescate de bonos. Valuación de Acciones Comunes. El Modelo de Dividendos Descontados. Ganancia e Inversión. Método de Precios/Utilidades. Política de Dividendos, sus Implicaciones.|||Principios Básicos de Administración de Riesgos. Riesgo y Decisiones. Apalancamiento operativo y financiero, grados. Administración del Riesgo. Dimensiones de la Transferencia de Riesgo. Transferencia de Riesgo. Cartera. Distribución de Probabilidad de Rendimientos. El Proceso de Selección de Cartera. Balance Rendimiento Riesgo. Diversificación Eficiente. Modelo de Valuación de Activos de Capital. Prima por Riesgo. BETA. Valuación y Regulación de las Tasas de Rendimiento.|||Planeamiento Económico Financiero. Cobertura de Necesidades. Administración de Capital de Trabajo y Necesidades operativas de fondos. Planeamiento con inflación. REI, Resultados por tenencia. Planeamiento en condiciones de devaluación.|||Cobertura y Protección. Contratos a Plazo. Futuros. Minimización de Costos de Cobertura. Precios de Futuros. Mercado de Futuros. Precios SPOT y Precios de Futuros. Información que se obtiene de los Precios de los Futuros. Futuros Financieros. Tasa Libre de Riesgo Implícita. |||SWAPS. Las Opciones. Precios de Futuros. Funcionamiento de las Opciones. Diagramas de Resultados. Paridad. Volatilidad. Modelos. Black & Scholes. Combinación de instrumentos|||La Estructura del Capital. Financiamiento Interno y Externo. Financiamiento Mediante Capital. Financiamiento Mediante Deuda. Irrelevancia de la Estructura de Capital en un Ambiente sin Fricciones. Creación de Valor Mediante Decisiones de Financiamiento. Reducción de Costos. Solución a Conflictos de Intereses. Diagramas UPA= f (UAII). Diagramas similares utilizando Rentabilidades. Efecto Palanca. Deuda: Insolvencia y Volatilidad. Decisiones contemplando consecuencias del Riesgo.|||Opciones Directivas en Evaluación de Proyectos. Introducción a toma Decisiones Secuenciales. Situaciones especiales en Evaluación de proyectos: Expansiones. Abandono. Demora. Producción Flexible. Aplicación de la Fórmula de Black & Scholes en la Evaluación de Proyectos de Inversión.|||Valuación Corporativa. Modelos. Administración orientada a valor. Gobierno corporativo y riqueza de los accionistas. Proyecciones. Pronóstico y cálculo. Las Unidades se complementan con el estudio de temas emergentes en el campo de las Finanzas y atención a las tendencias financieras y sus implicaciones.",Clases expositivas con utilización de herramientas tecnológicas apropiadas|||Mediante el abordaje práctico de problemas no resueltos aplicaremos las herramientas de las finanzas corporativas
71.48,Introducción a la realidad aumentada,,,,,,
72.02,Organización Básica de la Computadora,,,,,,
72.18,Programación Funcional,https://drive.google.com/file/d/15fEW9YmzwE9CYT0c0qImDdpTF6nG1JHo/view?usp=drivesdk,"Modelo de cómputo del Paradigma Funcional. Sistemas de tipos. Currificación. Reducción como mecanismo de ejecución.
Tipos algebraicos. Propiedades de programas y mecanismos de demostración de las mismas. Inducción/recursión
estructural y primitiva. Tipos de datos recursivos. Ejemplos de aplicación. Esquemas de funciones. Mónadas como
mecanismo de interacción con el medio. Lambda Cálculo como modelo de cómputo funcional.","● Mejorar la comprensión de la computación y en particular de la programación a través de conocer características de un paradigma diferente a los tradicionales.
● Confeccionar programas sencillos utilizando nociones fundamentales del paradigma funcional.
● Demostrar propiedades sencillas de programas funcionales utilizando inducción estructural.","Presentación del Paradigma Funcional. |||Sistemas de tipos|||Currificación|||Reducción como mecanismo de ejecución|||Tipos algebraicos|||Propiedades de programas y mecanismos de demostración de las mismas|||Inducción y recursión estructural y primitiva|||Tipos de datos recursivos.|||Ejemplos de aplicación|||Esquemas de funciones|||Mónadas como mecanismo de interacción con el medio
|||Lambda Cálculo como modelo de cómputo funcional","Modelo de cómputo funcional. Visiones denotacional y operacional. Valores y expresiones. Mecanismos de definición de expresiones y valores. Ecuaciones orientadas para definir funciones. Funciones de orden superior: las funciones como valores. Modelo de computación puro (sin efectos laterales). Relevancia de estas características. Sintaxis.|||Definición de la noción de sistemas de tipos, su propósito y sus características. Sistemas de tipos Hindley-Milner. Tipos básicos. Constructores de tipos. Polimorfismo. Sintaxis para valores de cada tipo (caracteres, tuplas, listas, strings, funciones). Sistemas de tipado fuerte. Algoritmo de inferencia. Ventajas y limitaciones de los lenguajes de programación con tipos.|||Aplicación del orden superior para mejorar la expresividad de las funciones. Formas de definición y notación de funciones currificadas. Ventajas y desventajas de su utilización. Notación de funciones currificadas.|||Mecanismo de cómputo funcional: definición precisa y estudio de sus características. Existencia de no  terminación y errores de ejecución, y su comprensión dentro de las visiones denotacional y operacional. Bottom. Funciones parciales y totales. Funciones estrictas y no estrictas y su vinculación a las formas de reducción.|||Extensión del sistema de tipos Hindley-Milner con la definición de tipos algebraicos. Constructores y pattern matching. Características de los tipos algebraicos, y clasificación de diferentes tipos algebraicos.|||Formas de demostrar propiedades sobre funciones y expresiones. Principio de Extensionalidad. Importancia de la posibilidad de demostrar propiedades de forma ecuacional.|||Principio de Inducción estructural como mecanismo para definir tipos algebraicos con infinitos elementos, funciones recursivas sobre dichos tipos y demostrar propiedades sobre los mismos. Importancia de la noción de estructura.|||Tratamiento de tipos recursivos lineales. Definición de funciones por recursión estructural sobre tipos lineales. Funciones básicas sobre listas (append, head, tail, take, drop, reverse, sort, elem, etc.). Demostración de  propiedades de listas y funciones sobre listas. Tratamiento de tipos recursivos no lineales (árboles). Definición de funciones por recursión estructural sobre árboles. Funciones básicas sobre árboles (size, height, levels, levelN, etc.). Demostración de propiedades de listas y funciones sobre árboles.|||Análisis de la computación como manipulación simbólica de expresiones con significado. Definición de un intérprete de un lenguaje simple de programación
imperativa a través de dichas ideas.|||Aplicación de las funciones de orden superior para la expresión de esquemas de funciones que permiten expresar infinitas soluciones diferentes como casos
particulares del mismo esquema. Importancia teórica de los esquemas y aplicaciones prácticas. Esquemas sobre listas (map, filter, foldr). Esquemas sobre árboles (map, fold). Generalización de la noción de patrón de recursión
estructural para tipos recursivos regulares.|||Formas de expresar efectos en un modelo de programación puro sin perder la pureza. Definición de mónadas. Uso de mónadas para expresar entrada/salida
en programas funcionales.|||Definición del lenguaje. Sintaxis. Definición de sustitución. Modelo de computación. Nociones elementales de alfa, beta y eta reducción. Lambda cálculo como modelo
teórico de los lenguajes funcionales. Representación de booleanos, pares, números naturales, listas y otras construcciones.","Videos de dictados virtuales anteriores para presentar los contenidos teóricos de la materia.
|||Se trabaja con mecanismo de aula invertida, sobre lo aprendido con los videos de contenido teórico, reforzando los conceptos y resolviendo dudas.|||Se proponen ejercicios prácticos en forma semanal para poner en práctica los conceptos trabajados cada semana.|||Cuestionarios automatizados de teoría y práctica para la autoverificación en la adquisición de los conceptos clave, y para permitir un seguimiento de avances.|||Comunicación permanente en forma asincrónica para la resolución de dudas."
72.20,Redes de Información,https://drive.google.com/file/d/1P6ulVm0jrk_sXgctYYQ8mBIJDUv-e-pb/view?usp=drivesdk,"Modelo de referencia OSI: sus niveles. Tipos y topologías. Tecnologías LAN/WAN. Protocolos y servicios. Estudio avanzado del protocolo TCP/IP. Control de flujo y congestión. Análisis del tráfico. Algoritmos de ruteo. Clases y calidad del servicio. Interconexión de redes. Redes ATM. IP sobre ATM. Seguridad: Firewall, protocolo IPSec. Redes privadas virtuales (VPN). Redes inalámbricas y móviles. Redes GSM. Protocolo SMS. Facilidades de nivel de presentación. Taller de aplicación sobre una red de computadoras, configurando software y hardware","• Fortalecer los conocimientos de Redes y Protocolos de Comunicación.
	• Poner en práctica herramientas utilizadas en la industria.
	• Analizar opciones y alternativas de soluciones de Redes de Información.
	• Programar dispositivos de redes.",Capa fisica|||Equipos de Red|||Redes WAN|||Protocolos avanzados,"Se abordan los temas teoricos y practicos que involucran los protocolos y enlaces de la capa fisica de las redes de información.|||Se desarrollan implementaciones practicas de redes de información configurando diferentes equipos.|||Se abordan protocolos de capas de de enlace y tranporte que cubren grandes distancias geograficas. Se implementan redes lógicas de protocolos WAN.|||Se abordan protocolos de capas superiores, cercanas a los usuarios finales que proveen servicios de implementación tradicional en la industria actual.","Clases expositivas semanales presenciales donde el docente presenta los contenidos teóricos y los ejercicios de nivel inicial que son resueltos junto con los alumnos explicando los conceptos teoricos.|||Clases semanales donde el docente introduce el Trabajo Practico a realizar durante la clase. Se introduce el tema y los alumnos realizan la guia de Trabajo Practicos asignada con acompañamiento de los docentes para resolver dudas. Se realizan discusiones de resolución de problemas con los profesores y se resuelven de manera grupal en el pizarrón. No se realizan pedidos de entregas de los TP, cada alumnos es responsable de la realización de cada actividad.|||Se realizan dos examenes parciales teorico-practicos donde los alumnos son evaluados sobre los conceptos vistos. En los examenes los alumnos deben resolver ejercicios y problemas en computadora y en papel.|||Se realiza un trabajo practico especial por cursada, donde los alumnos en grupos deben entregar una implementación de un sistema de redes que se utilice en la industria.
Cada grupo debe realizar un tema distinto, y como parte de su evaluación deben presentar lo realizado frente a sus compañeros. Esto genera que todos los alumnos aprendan de lo realizado con sus compañeros.|||Se realizan resolución de problemas en las computadoras del laboratorio, utilizando herramientas de simulación de redes y protocolos. Los profesores responden dudas y ayudan a los alumnos a resolver los problemas en sus computadoras. Los alumnos pueden trabajar de manera individual o grupal."
72.22,Sistemas Tolerantes a Fallas,,,,,,
72.23,Diseño y Construcción de Compiladores,,,,,,
72.25,Simulación de Sistemas,https://drive.google.com/file/d/1wglZ-MLgh6vBeYxgUzxQRjPtrt-EcwKV/view?usp=drivesdk,Teoría General de Sistemas. Modelos discretos y continuos. Modelos determinísticos y probabilísticos. Determinación de datos de entrada al modelo. Análisis de resultados. Taller de aplicaciones con herramientas de simulación.,"Incorporar y diferenciar los siguientes conceptos relacionados: Sistema -> Modelo Matematico -> Modelo Computacional -> Simulación.

Utilizar herramientas de procesamiento estadístico como datos de entrada y estudio de resultados de simulaciones.

Diseñar experimentos de simulación e interpretar los resultados obtenidos.

Realizar presentaciones orales e informes técnicos de calidad profesional.",1) Sistemas y Modelos|||2) Sistemas Físicos	|||3) Autómatas Celulares|||4) Simulaciones de partículas dirigidas por eventos (Event Driven MD)|||5) Simulaciones de partículas dirigidas por el paso temporal (Time-Step Driven MD)	|||6) Simulación de Sistemas de Medios Granulares	|||7) Simulación de Multitudes,"Teoría General de Sistemas. Sistemas en tiempo continuo. Sistemas en tiempo discreto. Sistemas de eventos discretos. Estado de un sistema. Modelos discretos y continuos. Modelos determinísticos y probabilísticos. Propósito de la simulación.|||Introducción a los sistemas de muchas partículas. Definición de materia activa. Ejemplos. Métodos y Enfoques de Simulación. Herramientas estadísticas para análisis y presentación de resultados.|||Autómatas 1-D, 2-D y 3-D.
Sobre grilla fija: Juego de la vida, Fluidos - Lattice Boltzman. 
Sin grilla espacial: Bandadas de Visecks.
|||Dinámica molecular dirigida por eventos. Esferas rígidas. Operador de Colisión. Sistemas con y sin fuerza gravitatoria. Simulación de Gas Ideal y Movimiento Browniano.
|||Dinámica Molecular. Métodos Numéricos de Integración: Euler, Verlet, Corrector Predictor. Gas de Lennard- Jones.
Sistemas planetarios.
|||Medios Granulares Densos Gravitatorios 2D. Partículas cilíndricas. Partículas de formas arbitrarias: Esferopolígonos.
|||Social Force Model. Contractile Particle Model. Modelado del comportamiento de humanos y animales. Egreso de agentes biológicos a través de una puerta angosta. Navegación de Peatones Virtuales.","Para cada uno de los contenidos de la materia desde el (2) hasta el (7) se deberá realizar una actividad que comprende. Implementar un sistema característico brindado dado por la cátedra. Realizar simulaciones. Analizar los resultados. Entregar código, presentación e informe. Presentar oralmente los resultados.
Las actividades se desarrollaran en las horas de laboratorio y trabajos prácticos y cuentan con la constante supervision de los docentes."
72.27,Sistemas de Inteligencia Artificial,https://drive.google.com/file/d/18BcFELIWa7Fce8whdPPDD3BfNW_mUSuY/view?usp=drivesdk,Enfoque simbólico de la Inteligencia Artificial.  Resolución de problemas. Problemas específicos de IA. Sistemas basados en reglas. Búsqueda heurística. Sistemas Expertos. Características del Paradigma Lógico. Enfoque no simbólico de la Inteligencia Artificial. Redes neuronales. Aprendizaje supervisado y no supervisado. Algoritmos Genéticos,"• Familiarizarse con los conceptos de inteligencia artificial.
	• Analizar e implementar algoritmos de búsqueda, evolutivos y de redes neuronales supervisadas y no supervisadas.
	• Comparar técnicas simbólicas y numéricas para el tratamiento de problemas basados en datos.
	• Analizar Redes Profundas como CNN, GANs y Transformers.


Que adquieran conocimientos y sepan implementar técnicas de redes neuronales y de optimización para resolver problemas reales.
Que comprendan la contextualidad de esta tecnología.
Que manejen conceptos de redes neuronales profundas para el desarrollo profesional.","Unidad 1: Introducción a la Inteligencia Artificial
|||Unidad 2: Métodos de Búsqueda
|||Unidad 3: Algoritmos evolutivos
|||Unidad 4: Perceptron Simple
|||Unidad 5: Redes Multicapa
|||Unidad 6: Aprendizaje No Supervisado
|||Unidad 7: Deep Learning
|||Unidad 8: Ensayo","Diferentes enfoques. Fundamentos. Historia. Estado del Arte. Últimos avances. Agentes Inteligentes Estructura. Ambientes.
|||Búsqueda el major primero.  Funciones heurísticas. Algoritmo A*. Algoritmos de mejoramiento iterative.  Hill Climbing, Simulated Annealing.  Juegos, Teoría de Juegos.
|||Algoritmos genéticos. Reproducción.  Crossover. Mutación. Generaciones.  Población. Métricas de fitness. 
|||Unidades Escalón.  Unidades Lineales.  Unidades estocásticas.  Capacidad de los perceptrones simples.  Gradiente descendente.
|||Backpropagation. Teorema de representación Universal.  Ejemplos y aplicaciones. Performance de las redes multicapa.
|||Unidad lineal.  Análisis de componentes principales.  Aprendizaje competitivo simple.  Mapeo competitivo simple.  Modelo de Kohonen. 
|||Introducción a DL.  Problema Fundamental de Deep Learning.  Historia de los desafíos de IA.  Aprendizaje de la Representación.  GPU. Autoencoders, CNN, GAN, Transfomers. 
|||Trabajo sobre papers y artículos públicos para la elaboración de un ensayo y un posterior debate, con aplicaciones practices de los métodos estudiados en la vida real.","Métodos de búsqueda.  Se implementa un motor de búsqueda de soluciones como resolutor de problemas aplicado a problemas de juegos.
|||Motor de algoritmos genéticos con el cuál se resuelven problemas de optimización global asociados a juegos de rol.|||Se implementa un modelo de red neuronal artificial multicapa supervisada para resolver problemas de aproximación de funciones.
|||Se implementan los métodos de Hopfield, Oja y Sanger para el estudio de transformaciones de datos.|||Se implementa un Autoencoder variacional extendiendo lo realizado en el TP3 para con eso armar un Sistema generativo."
72.28,Topología de Internet: Análisis y Modelado,,,,,,
72.29,Tipos para Lenguajes de Programación,,,,,,
72.41,Base de Datos II,https://drive.google.com/file/d/1k9o0VggYhnJ-tCrKtAaW0Fn-AxO_bub_/view?usp=drivesdk,"Diseño, administración y gestión de bases de datos. Análisis de las características de distintos tipos de índices. Diseño físico y puesta a punto (tuning). Evaluación y optimización de consultas. Procesamiento de transacciones y control de la concurrencia. Recupero frente a errores. Sistemas de Información Geográficos (GIS). Índices y consultas espaciales. Taller de Aplicación","- Aprender a tomar buenas decisiones a la hora de elegir una base de datos para resolver un problema concreto.
- Profundizar en los conocimientos adquiridos en Base de Datos I sobre bases de datos SQL.
- Conocer las nuevas tendencias en base de datos, en especial las bases NoSQL y su utilización en el procesamiento de grandes volúmenes de datos (Big Data).","Postgresql avanzado|||HBase

|||MongoDB

|||Cassandra
|||Neo4J

|||DynamoDB
|||Redis","Relaciones, CRUD y juntas. Consultas avanzadas, Código y Reglas. Full text y cubos multidimensionales.|||CRUD, Administración de Tablas. Trabajando con Big Data, MapReduce.|||CRUD, Nesting, Indices, MapReduce, Conjuntos replicados, Distribución, Datos Geoespaciales y GridFS.|||CRUD, IDEs y cURL como mecanismo de consulta. Creando y consultando grandes volúmenes de datos. Replicando datos.
|||Grafos, Cypher y CRUD. Índices, Algoritmos y consultas REST.|||CRUD. Interactuando con otros servicios de Amazon.
|||CRUD, Tipo de datos. Uso avanzado. Interactuando con otras bases de datos (persistencia políglota)",Prácticas con la base de datos|||Prácticas con la base de datos|||Prácticas con la base de datos|||Prácticas con la base de datos|||Prácticas con la base de datos|||Prácticas con la base de datos|||Prácticas con la base de datos|||A partir de la mitad de la cursada los alumnos preparán un TP final especial donde integrarán varias bases de datos diferentes.
72.42,Programación de Objetos Distribuidos,https://drive.google.com/file/d/1d2yW4XtAw6cwJk-VAFwviY0exAJx4Ofx/view?usp=drivesdk,Sistemas distribuidos: objetivos y tipos. Arquitecturas. Middleware. Threads. Virtualización. Clientes y Servidores. Migración de código. Invocación remota. Mensajes. Calidad de servicio. Diseminación de datos. Búsqueda. Sincronización. Consistencia. Replicación. Tolerancia a fallas. Recuperación. Seguridad.,"• Conocer nuevas funcionalidades y revisar funcionalidades conocidas de Java que puedan ser útiles en la materia como programación funcional, streaming y lambdas.
	• Codificar sistemas concurrentes utilizando Java y las diferentes opciones para correr Threads en paralelo.
	• Predecir e identificar problemas de concurrencia  y fundamentar la elección de protección contra los mismos, por ejemplo sincronización, clases concurrentes o clases inmutables.
	• Reconocer los componentes de un sistema RPC cliente servidor. 
	• Implementar sistemas en RPC con serialización de parámetros y callbacks asincrónicos.
	• Explicar las diferentes características de storage distribuidos como particionamiento, consistencia, redundancia, etc.
	• Conocer las diferentes características de las bases de datos distribuidas de tipo ""NoSQL"".
	• Detallar diferentes estrategias y herramientas para el procesamiento distribuido.
	• Implementar aplicaciones de procesamiento de información distribuidas en Map Reduce.
	• Utilizar la herramienta de storage y procesamiento distribuido.
	• Analizar el comportamiento de aplicaciones distribuidas al modificar la composición del cluster",Java +|||Concurrencia|||RPC|||APIS Alternativas|||Sistemas Distribuidos|||Storage Distribuido|||Procesamiento Distribuido,"Java estilo Funcional, Lambdas, Tests.
Estructuras y features en las últimas versiones de Java|||Procesadores multiproceso y Programas multithread.
Programación de Threads en Java, Executors y pools
Problemas de la programación concurrente: Interferencia, Coordinación y Disponibilidad.
Sincronización nativa
Clases concurrentes de alto nivel
Alternativas a la sincronización
Completable Futures



|||Conceptos de Cliente Servidor
RPC como modo de comunicación.
Middlewares.
Definición de servicios.
Implementación de cliente.
Semánticas 
Garbage Collection Distribuido
Implementación de servidor.
Serialización de Parámetros.
Servicios asincrónicos.
|||Revisión de otras estrategía de definición de APIs alternativas a RPC|||Conceptos de Sistemas distribuidos.
Distribución de responsabilidades, procesamiento y guardado.
Particionado, Distribución y Replicación de datos.
Modelos de Consistencia.
Coordinación, Elasticidad y Tolerancia a fallos.
|||File System Distribuidos yArquitectura de HDFS
Uso de Hazelcast como herramienta para guardado distribuido.
Conceptos de NoSQL, análisis de tipo de storage, teorema C.A.P. y diversas arquitecturas de estas herramientas.|||Map Reduce como ejemplo de procesamiento distribuidos.
Análisis de la arquitectura y comportamiento de las herramientas de procesamiento distribuidos","Clases semanales expositivas donde se abordan los conceptos teóricos, se muestra código de ejemplo y/o configuraciones de las herramientas.
En los temas donde donde se programa y/o utilizan herramientas, se intercalan pequeños ejercicios prácticos para que los alumnos fijen el tema, puedan probar funcionalidad o se encuentre con situaciones que funcionan como disparador de lo que se discutirá a continuación|||Para algunos temas se habilitan prácticas con ejercicios para desarrollar programas y que los alumnos puedan ampliar su ejercitación, probar funcionamientos y generar dudas.|||Más allá del horario de clases los alumnos cuentan con la posibilidad de realizar consultas vía campus ya sea para las prácticas como para los trabajos especiales|||La materia cuenta con dos trabajos especiales integradores como evaluación.
Estos trabajos son grupales y  en los mismos los alumnos se encuentran con un problema más ""real"" y ""complejo"" que en las prácticas  y desarrollan una solución aplicando  los conceptos vistos en clase.
La mayor parte de estos trabajos se realiza fuera del horario de clase.|||Para cada TPE se dispone de una clase donde los alumnos pueden realizar consultas y más que nada realizar pruebas de integración en los equipos|||Para cada trabajo práctico se realiza un coloquio donde ser corren pruebas, se revisa la solución propuesta haciendo preguntas a los integrantes del equipo y se plantean alternativas de diseño"
72.43,Gestión de Proyectos Informáticos,https://drive.google.com/file/d/112txdI8ZJv6lw31YjrmwRGZNmmkGs46V/view?usp=drivesdk,"Visión estratégica de la organización. Modelo de negocio. Modelos de calidad en el proceso de desarrollo del software. Modelos de calidad en el producto software. Administración de proyectos de software: estimación, planificación y seguimiento. Gerenciamiento de riesgos. Gestión de la configuración del software. Auditorías y peritajes","- Conocer diferentes estrategias de Gestión de Proyectos
- Analizar los diferentes modelos de negocios digitales
- Identificar y evaluar los Riesgos de Proyectos Informáticos
- Aplicar modelos, metodologías, técnicas y herramientas para la Administración de Proyectos
- Definir y aplicar políticas de Gestión de Configuración y Gestión de Calidad",UNIDAD 1. Gestión en la industria del software |||UNIDAD 2. Modelos de Proceso|||UNIDAD 3. Administración de proyectos |||UNIDAD 4. Gestión de la Calidad,"Desarrollo tecnológico en la industria. Características del proceso software y de la producción industrial. Visión estratégica de la Organización. Plan de Negocios en la industria del software. Modelos de negocios digitales. El proceso de diagnóstico de la empresa. Factores clave para la planificación, conducción y gestión del negocio. Gestión del conocimiento. Gestión del Riesgo en Proyectos Informáticos. Análisis de Riesgos, evaluación y proyección. Planes de Contingencia. |||Proceso de construcción de software. Proceso frente a producto. Modelos de Proceso para la Gestión. Metodologías ágiles. Estándares y Normas internacionales aplicables a la Gestión. Procesos básicos. Actividades, Roles y Productos. Madurez del proceso. Taxonomía de productos. Modelos de ciclos de vida del producto. Técnicas de selección de modelos. |||Conceptualización de Proyectos y de Administración de Proyectos. Marco de la gestión de Proyectos. Manejo de Recursos de un proyecto Informático. Confección del Plan de Proyecto. Sistemas de Control de Proyectos. Proceso de Gestión. Modelos, técnicas y métodos de estimación. Estimación de tamaño de producto. Estimación de esfuerzo. Costos. Planificación de Proyectos. Herramientas de estimación y de planificación. Seguimiento y Control de Proyectos. |||Conceptos de Calidad de Producto y de Proceso. Modelos de Calidad. Gestión de la Calidad. Normas y estándares Internacionales. Evaluación de producto software. Factores, Atributos y métricas de calidad de producto. Conceptos de Configuración del Software. Gestión de la Configuración. Auditorías. Normas y estándares de Configuración.","Definición de requerimientos tecnológicos y requisitos funcionales de un producto informático a desarrollar. 
En esta primer actividad, se conforman los equipos que trabajarn durante toda la materia en la resolución práctica de las diferentes actividades.
- Modalidad: práctica presencial
- Duración 1 hora 
- Trabajo en equipos
- El seguimiento se realiza en el aula y a través del campus donde los estudiantes deben subir un documento con el resultado de la actividad. 
- La calificación es grupal.
- El docente acompaña en la clase a todos los grupos en la conformación equilibrada de los mismos y en las dudas que surjan de la resolución del trabajo, estimulando el debate y la participación de todos los integrantes de cada equipo.|||Cada equipo debe definir un contexto de organización para llevar adelante el proyecto informático a partir del Producto Software elegido, asumiendo las características y supuestos que consideren necesarios. 
Definiendo las características de la organización, definir el Modelo de negocio que llevará adelante el proyecto, y construir una Matriz FODA en base al análisis de la situación organizacional. 
- Modalidad: práctica presencial
- Duración 1 hora de clase + 2 horas fuera de clase
- Trabajo en equipo
- El seguimiento se realiza en el aula y a través del campus donde los estudiantes deben subir un documento con el resultado de la actividad. 
- La calificación es grupal.
- El docente acompaña en la clase a todos los grupos en la conformación equilibrada de los mismos y en las dudas que surjan de la resolución del trabajo, estimulando el debate y la participación de todos los integrantes de cada equipo.|||A partir de los Requisitos del software a desarrollar:
Seleccionar un modelo de ciclo de vida para el proyecto, aplicando el método de selección de Davis y Alexander y representar gráficamente el modelo a utilizar para el Proyecto. 
- Modalidad: práctica presencial
- Duración 1 hora de clase + 2 horas fuera de clase
- Trabajo en equipo
- El seguimiento se realiza en el aula y a través del campus donde los estudiantes deben subir un documento con el resultado de la actividad. 
- La calificación es grupal.
- El docente acompaña en la clase a todos los grupos en la conformación equilibrada de los mismos y en las dudas que surjan de la resolución del trabajo, estimulando el debate y la participación de todos los integrantes de cada equipo.|||A partir de los Requisitos del Proyecto:
Identificar 10 posibles Riesgos de Proyecto, Técnicos o del Negocio.
Proyectar los riesgos
Elaborar una matriz de Riesgos
Definir un Plan de Gestión del Riesgo
- Modalidad: práctica presencial
- Duración 1 hora de clase + 2 horas fuera de clase
- Trabajo en equipo
- El seguimiento se realiza en el aula y a través del campus donde los estudiantes deben subir un documento con el resultado de la actividad. 
- La calificación es grupal.
- El docente acompaña en la clase a todos los grupos en la conformación equilibrada de los mismos y en las dudas que surjan de la resolución del trabajo, estimulando el debate y la participación de todos los integrantes de cada equipo.|||A partir de la especificación de Requisitos software debe realizarse la estimación del tamaño del producto aplicando las técnicas trabajadas en clase. La estimación debe calcularse sobre la totalidad de los requisitos del producto y puede separarse por módulos, por funcionalidades o realizar la estimación del producto en general. 
- Modalidad: práctica presencial
- Duración 1 hora de clase + 2 horas fuera de clase
- Trabajo en equipo
- El seguimiento se realiza en el aula y a través del campus donde los estudiantes deben subir un documento con el resultado de la actividad. 
- La calificación es grupal.
- El docente acompaña en la clase a todos los grupos en la conformación equilibrada de los mismos y en las dudas que surjan de la resolución del trabajo, estimulando el debate y la participación de todos los integrantes de cada equipo.|||A partir de la especificación de Requisitos software y del cálculo de estimación del tamaño de producto realizada con puntos de función, se deberá estimar el esfuerzo requerido para el proyecto en cantidad de personas por mes (meses/hombres). El objetivo del trabajo es obtener el cálculo estimado de esfuerzo utilizando el modelo de estimación trabajado en clase. 
- Modalidad: práctica presencial
- Duración 1 hora de clase + 2 horas fuera de clase
- Trabajo en equipo
- El seguimiento se realiza en el aula y a través del campus donde los estudiantes deben subir un documento con el resultado de la actividad. 
- La calificación es grupal.
- El docente acompaña en la clase a todos los grupos en la conformación equilibrada de los mismos y en las dudas que surjan de la resolución del trabajo, estimulando el debate y la participación de todos los integrantes de cada equipo.|||En base al MCVS y al Modelo de Procesos elaborar una tabla de doble entrada, en la cual, las filas representan las actividades del proceso software y las columnas representan los ciclos del producto software seleccionado. En el mapa de actividades deben definirse los productos que se construirán como resultado de cada actividad en cada una de las etapas del ciclo de vida. 
- Modalidad: práctica presencial
- Duración 1 hora de clase + 2 horas fuera de clase
- Trabajo en equipo
- El seguimiento se realiza en el aula y a través del campus donde los estudiantes deben subir un documento con el resultado de la actividad. 
- La calificación es grupal.
- El docente acompaña en la clase a todos los grupos en la conformación equilibrada de los mismos y en las dudas que surjan de la resolución del trabajo, estimulando el debate y la participación de todos los integrantes de cada equipo.
|||A partir de la estimación del tamaño y del esfuerzo requeridos para el proyecto calculados se deberá realizar un plan de trabajo que refleje:
-	El conjunto de actividades que se realizará
-	La estimación del esfuerzo por fase y por cada actividad del proyecto 
-	La cantidad de RRHH por cada actividad, separados por perfil/rol
-	Los hitos de entregables del producto
-	La estimación del costo total del proyecto
-	Fecha de inicio y fin del proyecto
Para el desarrollo de esta actividad es necesario la utilización de una herramienta de planificación que permita distribuir el esfuerzo y visualizar gráficamente la distribución de tareas, roles y etapas del proyecto. 
- Modalidad: práctica presencial
- Duración 1 hora de clase + 4 horas fuera de clase
- Trabajo en equipo
- El seguimiento se realiza en el aula y a través del campus donde los estudiantes deben subir un documento con el resultado de la actividad. 
- La calificación es grupal.
- El docente acompaña en la clase a todos los grupos en la conformación equilibrada de los mismos y en las dudas que surjan de la resolución del trabajo, estimulando el debate y la participación de todos los integrantes de cada equipo.|||A partir del producto que han elegido desarrollar, deberá aplicar la técnica de Planning Poker con una herramienta: 
Seleccionar una story cards de los requisitos de su producto software.
Determinar el alcance de un sprint.
Aplicar la técnica y registrar los resultados. 
Realizar una reunión de revisión: Analizar alcances y limitaciones encontrados por cada equipo sobre la técnica.
- Modalidad: práctica presencial
- Duración 1 hora de clase 
- Trabajo en equipo
- El seguimiento se realiza en el aula y a través del campus donde los estudiantes deben subir un documento con el resultado de la actividad. 
- La calificación es grupal.
- El docente acompaña en la clase a todos los grupos en la conformación equilibrada de los mismos y en las dudas que surjan de la resolución del trabajo, estimulando el debate y la participación de todos los integrantes de cada equipo.|||A partir de la Especificación de Requisitos, seleccionar los Factores, Criterios y Métricas más adecuados para aplicar en el desarrollo del software especificado. 
- Modalidad: práctica presencial
- Duración 1 hora de clase + 1 hora fuera de clase
- Trabajo en equipo
- El seguimiento se realiza en el aula y a través del campus donde los estudiantes deben subir un documento con el resultado de la actividad. 
- La calificación es grupal.
- El docente acompaña en la clase a todos los grupos en la conformación equilibrada de los mismos y en las dudas que surjan de la resolución del trabajo, estimulando el debate y la participación de todos los integrantes de cada equipo."
72.44,Criptografía y Seguridad,https://drive.google.com/file/d/1L2PccXOInK_94y2DIhOdAeISn9a4uZl6/view?usp=drivesdk,"Criptografía Clásica y Moderna. Métodos simétrico y asimétrico. Algoritmos: encriptación y hashing. Protocolos: vpns, pgp, https. Aplicaciones: dinero electrónico, voto electrónico. Seguridad en bases de datos, sistemas operativos y redes. Auditoría y peritaje en seguridad","• Comprender las herramientas criptográficas básicas y entender su ámbito de aplicación en problemas de Confidencialidad e Integridad
    • Utilizar eficazmente algoritmos y protocolos criptográficos existentes para garantizar requerimientos de seguridad
    • Comprender, y poder especificar los requerimientos de seguridad de un sistema.
    • Participar en un proceso de análisis de vulnerabilidades o test de penetración. Comprender los resultados de un informe de dicho tipo.
    • Detectar y corregir problemas típicos de aplicaciones con respecto a seguridad",Criptografia|||Seguridad,"Introducción a la criptografía.
Criptosistemas clásicos. One time Pad. Modelos teóricos.
Criptosistemas simétricos de flujo y de bloque. Medios de encadenamiento.
Integridad: Macs y funciones de hash.
Criptografía asimétrica: cifrado y firma digital.
Manejo de claves. Generación. Distribución. Almacenamiento. Intercambio de claves.
Protocolos criptográficos.
|||Introducción a la seguridad informática. Aspectos fundamentales. Objetivos.
Políticas de seguridad: generalidades, confidencialidad, integridad, modelos híbridos, composición de políticas.
Seguridad en aplicaciones. Principios de diseño seguro. Identidad. Representación de identidad. Certificados. Anonimato. Autenticación. Mecanismos challenge-response. Biometría. Multiples factores. Control de acceso. ACLs. Capacidades. L&K.
Flujo de información. Confinamiento. Canales ocultos. Problemas frecuentes.
Verificación. Auditorías. Penetration testing. Analisis de vulnerabilidades. Programas malignos.","En las clases teóricas se desarrollaran los modelos teóricos de los diferentes temas a ser tratados, así como también su aplicación|||En las clases prácticas se realizará ejercitación sobre dichos temas, y se complementaran casos prácticos de los mismos con mayor participación del alumno en la resolución. De acuerdo al tema, la ejercitación será realizada en papel o sobre computadora|||Durante el tramo final del curso se desarrollara un proyecto orientado a la implementación de alguna función de seguridad no estudiada en la materia, construida a partir de los conceptos aprendidos"
72.45,Proyecto Final (Anual),https://drive.google.com/file/d/1O-l-JdtwJmjnJPLhBW1_RffzFWRSivsp/view?usp=drivesdk,Objetivos del proyecto final como proyecto profesional integrador de los contenidos y competencias adquiridos durante la carrera. Definición de metodología a utilizar. Fases y documentación. Oportunidades e impacto del proyecto,"-Utilizar los conceptos adquiridos a lo largo de la carrera para realizar un proyecto que integre todas las competencias y conocimientos adquiridos a lo largo del cursado de las materias del plan. El proyecto podrá consistir en el desarrollo de un sistema informático (incluyendo todas las etapas acordes a la metodología aplicada) o en un plan de investigación en el área del software (cuyo resultado final sea la presentación de una publicación científica acompañada de una implementación).
-Aplicar estándares de calidad para todas las etapas del proyecto, incluyendo la formulación de la documentación correspondiente a cada una de ellas,
-Resolver en tiempo y forma dificultades de situaciones reales, típicas de un equipo de desarrollo de software.",Fase inicial|||Desarrollo del proyecto|||Presentación,"Proceso de selección del tema y el tutor. Determinación de oportunidades e impacto del proyecto. Definición de objetivos, alcance e investigación sobre el estado del arte. Definición de metodología a utilizar Generación de documentos de diseño.|||Puesta en marcha del proyecto concretando los objetivos planteados. Desarrollo de conclusiones y trabajo futuro.|||Entrega de la documentación y defensa ante un jurado del trabajo realizado.","Explicación de la documentación intermedia para avanzar en el proyecto y entregables finales.|||Los alumnos presentan sus proyectos al inicio de la materia. Luego exponen su MPV. Antes de finalizar la cursada, exponen el estado del proyecto previo a la escritura del informe y el armado de la documentación|||Por tratarse de una materia tipo taller de desarrollo, la investigación y profundización de los temas por parte de los alumnos son primordiales. 
            Todos los equipos de trabajo contarán con un docente a cargo, quien actuará como “tutor” (coach), para guiar al grupo basándose en su experiencia, y como “cliente”, para evaluar la calidad de lo presentado y solicitar ajustes o cambios sobre la marcha del proyecto. El mismo también evaluará cada etapa del proyecto con una calificación parcial y, en base a las mismas, definirá la nota final.
La frecuencia y modalidad de las reuniones con su tutor se establece de común acuerdo y puede ser tanto presencial como virtual."
72.46,Robótica Basada en Comportamiento,,,,,,
72.49,Sistemas Tolerantes a Fallas,,,,,,
72.50,Introducción al Desarrollo de Videojuegos,,,,,,
72.51,Tecnologías para Web 2.,,,,,,
72.52,Análisis y Tratamiento de Imágenes,,,,,,
72.53,Visión Computacional 3D,,,,,,
72.54,OLAP y Explotación de Datos,,,,,,
72.55,Ontologías en la Web,,,,,,
72.56,Automatización e Integración de Sistemas de Información,,,,,,
72.57,Sistemas Embebidos,,,,,,
72.58,Computación Gráfica,,,,,,
72.59,Sistemas de Inteligencia Artificial II,,,,,,
72.60,Programación Funcional,https://drive.google.com/file/d/1YGXYzRXziQ_pywgHcuwj-gOUdI3NPV76/view?usp=drivesdk,"Características del Paradigma Funcional. Transparencia referencial. Mecanismo para construir tipos de datos recursivos y polimórficos. Estructuras de datos infinitas para  funciones de orden superior. Cálculo lambda. Reducciones alpha, beta, tea, delta. Punto Fijo. Formas de evaluación. Introducción a la semántica computacional. Tipos de semántica: denotacional, axiomática, operacional. Método formal para especificación y verificación de programas. Taller de aplicación con un lenguaje funcional tipo Lisp, Hope, Haskel.","• Mejorar la comprensión de la computación y en particular de la programación a través de conocer características de un paradigma diferente a los tradicionales.
• Confeccionar programas sencillos utilizando nociones fundamentales del paradigma funcional. 
• Demostrar propiedades sencillas de programas funcionales utilizando inducción estructural.",Presentación del Paradigma Funcional. |||Sistemas de tipos|||Currificación|||Reducción|||Tipos algebraicos|||Propiedades y demostraciones|||Inducción y recursión estructural|||Tipos de datos recursivos.|||Ejemplos de aplicación|||Esquemas de funciones|||Mónadas|||Lambda cálculo,"Modelo de cómputo funcional. Visiones denotacional y operacional. Funciones de orden superior. Modelo de computación puro (sin efectos laterales). Relevancia de estas características.|||Definición de la noción de sistemas de tipos, su propósito y sus características. Sistemas de tipos Hindley-Milner simple y polimórfico.|||Aplicación del orden superior para mejorar la expresividad de las funciones. Formas de definición y notación de funciones currificadas. Ventajas y desventajas de su utilización.|||Mecanismo de cómputo funcional: definición precisa y estudio de sus características. Existencia de no terminación y errores de ejecución, y su comprensión dentro de las visiones denotacional y operacional. Bottom. Funciones parciales y totales. Funciones estrictas y no estrictas y su vinculación a las formas de reducción.|||Extensión del sistema de tipos Hindley-Milner con la definición de tipos algebraicos. Constructores y pattern matching. Características de los tipos algebraicos, y clasificación de diferentes tipos algebraicos.|||Formas de demostrar propiedades sobre funciones y expresiones. Principio de Extensionalidad. Importancia de la posibilidad de demostrar propiedades de forma ecuacional.|||Principio de Inducción estructural como mecanismo para definir tipos algebraicos con infinitos elementos, funciones recursivas sobre dichos tipos y demostrar propiedades sobre los mismos. Importancia de la noción de **estructura**. |||Tratamiento de tipos recursivos clásicos: listas y árboles. Definición de funciones por recursión estructural sobre listas y árboles.|||Análisis de la computación como manipulación simbólica de expresiones con significado. Definición de un intérprete de un lenguaje simple de programación imperativa a través de dichas ideas.|||Aplicación de las funciones de orden superior para la expresión de esquemas de funciones que permiten expresar infinitas soluciones diferentes como casos particulares del mismo esquema. Importancia teórica de los esquemas y aplicaciones prácticas.|||Formas de expresar efectos en un modelo de programación puro sin perder la pureza. Definición de mónadas. Uso de mónadas para expresar entrada/salida en programas funcionales.|||Definición de un lenguaje minimalista para expresar cómputo. Muestra del poder de dicho lenguaje, expresando construcciones tradicionales en el mismo.","Videos de dictados virtuales anteriores para presentar los contenidos teóricos de la materia.|||Se trabaja con mecanismo de aula invertida, sobre lo aprendido con los videos de contenido teórico, reforzando los conceptos y resolviendo dudas.|||Se proponen ejercicios prácticos en forma semanal para poner en práctica los conceptos trabajados cada semana.|||Cuestionarios automatizados de teoría y práctica para la autoverificación en la adquisición de los conceptos clave, y para permitir un seguimiento de avances.|||Comunicación permanente en forma asincrónica para la resolución de dudas."
72.61,Taller de Diseño de Videojuegos,,,,,,
72.64,Cloud Computing,,,,,,
72.65,Desarrollo de Videojuegos 2D en iPhone OS,,,,,,
72.66,Sistemas Embebidos,,,,,,
72.67,Robótica Cinemática Computacional,,,,,,
72.68,Arte y Ciencia Interactivos,,,,,,
72.69,Seguridad de Software basada en Flujo de Información,,,,,,
72.70,Modelos e Imágenes Fractales,,,,,,
72.71,Integración de Sistemas de Información,,,,,,
72.72,Análisis y Verificación de Modelos y Códigos,,,,,,
72.73,Aprendizaje por Refuerzo en Robótica,,,,,,
72.74,Visualización de Información,https://drive.google.com/file/d/15x-Bkf9h4TfyxNJW0SUS-vo4OH7OaKYH/view?usp=drivesdk,"Introducción a la Visualización de Información. Antecedentes históricos. Tipo de datos. Etapas en la visualización de datos. Posibles interacciones para convertir a un gráfico estático en una visualización. Técnicas para la exploración de datos. Limpieza de datos (data cleansing, data wrangling). Mapeo de datos en elementos visuales. Uso del color. Percepción gráfica. Excelencia & ChartJunk. Análisis de casos de Visualizaciones","- El estudiante será capaz de representar conjuntos de datos de manera visual, utilizando herramientas existentes o desarrollando soluciones ad-hoc mediante diseño y programación.
- El estudiante reconocerá y aplicará buenas prácticas del campo de la visualización de datos, así como identificará referentes históricos y contemporáneos que sirvan como inspiración y guía.
- El estudiante comprenderá el estado del arte en tecnologías y metodologías vigentes para la visualización de datos, pudiendo seleccionar enfoques adecuados según cada caso.
- El estudiante será capaz de diseñar, implementar y evaluar visualizaciones interactivas e infografías estáticas, adoptando un enfoque crítico y reflexivo en sus decisiones de diseño.",Introducción|||Antecedentes|||Escalas de Medición|||Etapas|||Interacciones|||EDA|||Data Wrangling|||Encoding|||Color|||Percepción|||Los principios de Edward Tufte|||Galería de Visualizaciones,"Visualización de Información, Introducción. Definiciones. ¿Que es Visualización? Antecedentes. Visualización de Información. Dato e Información, Tipos de Datos, ejemplos. 

InfoVis & SciViz. Visualización de Información vs Visualización Científica: Que busca cada disciplina. Diferencias y similitudes.|||Antecedentes históricos (Charles Joseph Minard, William Playfair, John Snow, Florence Nightingale, Harry Beck, etc.)|||Datos fundamentales. Tipos de escalas (nominales, ordinales, cuantitativos). Dominio y rango. Escalas de medición (Nominal, Ordinal, Interval & Ratio)|||Etapas en la visualización de datos según Ben Fry y en la Ciencia de Datos. Tuberías de visualización.|||Posibles interacciones para convertir a un gráfico estático en una visualización. zoom in/out, semantic zoom, filtering, move/drag, sort, details on-demand, brushing & linking, foco+contexto, animación, ventanas emergentes (tooltips).|||Técnicas para la exploración de datos. John W. Tukey. Exploratory Data Analysis. Técnicas y herramientas.|||Limpieza de datos (data cleansing, data wrangling).
Eliminación de duplicados, Corrección de valores faltantes (missing values), Normalización y estandarización de formatos, Detección de outliers o valores atípicos, Conversión y transformación de columnas.
Datos ordenados (Tidy Data)|||Mapeo de datos en elementos visuales. Descomponiendo y analizando visualizaciones.|||Uso del color, paletas, cartografía temática, mapas coroplético. Ilusiones ópticas. Problemas para percibir el color.|||Problemas en la percepción gráfica. Exactitud y precisión.|||Excelencia gráfica, lie factor, data-ink ratio, chart junk, small multiples, sparklines, etc.|||* Ejemplos del diario NYTimes, The Guardian y LN Data.
* A Tour through the Visualization Zoo. A survey of powerful visualization techniques, from the obvious to the obscure.
* Galería de ejemplos de d3.js, ObservablePlot, vega-lite, Altair.","Con este trabajo practico, invitamos a los estudiantes a recolectar un conjunto de datos que le resulte interesante analizar y visualizar con las herramientas vistas.|||Esta segunda actividad requiere mas tiempo de elaboración, es un trabajo grupal. Se pide en primer lugar que realicen tareas de limpieza y análisis exploratorio, para luego llegar a proponer algunas preguntas interesantes que deberán ser resueltas con las visualizaciones estáticas o interactivas."
72.75,Aprendizaje Automático (Machine Learning),https://drive.google.com/file/d/1G3Dwof5GYCnZyv4yTjvqMm8E5P3g_eu6/view?usp=drivesdk,Diseño de sistemas de aprendizaje. Aprendizaje supervisado y no supervisado.  Clasificación. Aprendizaje bayesiano. Clasificación paramétrica. Procedimientos de selección del modelo. Análisis de componentes principales. Métodos de clustering. Máquinas de vectores de soporte. Aprendizaje de árboles de decisiones. Aprendizaje basado en instancias.,"• Entender los conceptos fundamentales del aprendizaje automático.
	• Diseñar sistemas de aprendizaje automático para resolver problemas que involucren predicción, análisis, clasificación, y aprendizaje de estructuras.",Introducción	|||Aprendizaje bayesiano	|||Aprendizaje estadístico	|||Aprendizaje supervisado y no supervisado|||Árboles de decisión	|||Aprendizaje basado en instancias,¿Qué es el aprendizaje automático? Ejemplos de aplicaciones. Diseño de sistemas de aprendizaje. Enfoques. Aprendizaje de una tarea. Aprendizaje de conceptos.|||Teorema de Bayes y aprendizaje de conceptos. Clasificación. Función de pérdida. Función discriminante. Reglas de asociación. Clasificador bayesiano óptimo. Algoritmo EM.|||Estimación por máxima verosimilitud. Evaluación de un estimador: sesgo y varianza. Clasificación paramétrica. Procedimientos de selección del modelo. Métodos multivariados. Análisis de componentes principales.|||Aprendizaje de una y de múltiples clases. Métodos de clustering basados en la distancia euclídea y en probabilidades. Elección del número de clusters. Clustering jerárquico. Máquinas de vectores de soporte. Núcleos. Algoritmos.|||Representación de árboles de decisiones. Problemas que se resuelven con este método. Algoritmos. Extracción de reglas a partir de los árboles. Aprendizaje de reglas a través de los datos.|||Aprendizaje de k vecinos más cercanos. Regresión localmente ponderada. Funciones de base radial. Razonamiento basado en casos.,Aprendizaje bayesiano. Métodos de estadística paramétrica.|||Determinación de clases. Clustering. Aprendizaje de árboles de decisiones. Aprendizaje basado en instancias.
72.77,Técnicas Automáticas para Testing de Software,,,,,,
72.78,OLAP Espacial,,,,,,
72.79,Sistemas Multiagente I,https://drive.google.com/file/d/1M0FkNkpgkYo4-79ofB04YvmwdJpKkcjj/view?usp=drivesdk,"Fundamentos teóricos y prácticos relacionados con modelos LLMs y sus limitaciones
Métodos de evaluación de estos modelos. Técnicas de observabilidad, trazabilidad y métricas. 
Estrategias de context engineering. 
Componentes estructurales de agentes individuales. Patrones de diseño, uso de herramientas, memoria, guardrails y protocolos de contexto. Diseño, coordinación y memoria colectiva en sistemas multiagente. Modelos de cooperación secuencial, jerárquica o paralela. Flujos de trabajo y coordinación entre agentes.
Principios de ingeniería de software aplicados a estos sistemas. Arquitectura, escalabilidad, seguridad, privacidad, integración continua, desplegado productivo, observabilidad de desempeño y costos, y evaluación continua de calidad.","1.- Comprender los principios teóricos de los modelos de lenguaje grande (LLMs), incluyendo sus limitaciones, alucinaciones y generación de falsas creencias, para evaluar sus aplicaciones con criterio.
2.- Analizar y emplear frameworks modernos para agentes basados en LLMs (por ejemplo LangChain, AutoGen, CrewAI), identificando sus componentes, ventajas y restricciones.
3.- Diseñar y construir agentes individuales autónomos que integren rol definido, objetivos claros, herramientas especializadas, memoria individual y mecanismos de seguridad.
4.- Aplicar patrones de diseño como ReAct, Reflection, uso de herramientas externas y planificación para mejorar la capacidad funcional y la robustez de los agentes.
5.- Diseñar sistemas multiagente cooperativos donde varios agentes puedan coordinarse, compartir memoria colectiva, distribuir flujos de trabajo y colaborar hacia metas comunes.
6.- Evaluar tanto agentes individuales como sistemas multiagente completos mediante métricas objetivas, feedback humano y automático, pruebas de integración y escenarios realistas.
7.- Implementar principios de ingeniería de software en estos sistemas: modularidad, interoperabilidad, escalabilidad, seguridad, privacidad, mantenimiento continuo, monitoreo de costos y desempeño.
8.- Desarrollar una comprensión crítica de las implicaciones éticas, sociales y legales de los sistemas basados en agentes, para asegurar que sean responsables, justos y respetuosos de los derechos de los usuarios.","Fundamentos de los Modelos de Lenguaje y Frameworks|||Diseño y construcción de agentes individuales|||Sistemas multiagente y colaboración|||Ingeniería, ética y despliegue en producción","En este módulo se establecen los conceptos básicos sobre modelos de lenguaje grande (LLMs): su funcionamiento, limitaciones, errores típicos y creencias falsas. Se introducen los principales frameworks y herramientas que se usarán para construir agentes, y se enseña cómo evaluar estos modelos mediante distintos enfoques, además de técnicas de ingeniería de prompts y contexto, y principios de observabilidad.|||Se profundiza en la estructura de un agente autónomo: rol, objetivos, herramientas, memoria y guardrails. Se estudian patrones de diseño —como ReAct, Reflection o planificación— así como protocolos que permiten separar al modelo de sus componentes auxiliares. El módulo incluye un proyecto práctico que consolida estos conceptos.|||Este módulo aborda cómo múltiples agentes pueden trabajar juntos coordinadamente bajo una arquitectura con metas y procesos compartidos. Se examinan varias formas de cooperación (secuencial, jerárquica, paralela), se define cómo se gestiona la memoria colectiva, flujos de trabajo interagentes, y se enseñan metodologías de evaluación tanto individuales como del sistema en su totalidad.|||Aquí se analizan los retos de llevar agentes y sistemas multiagente al mundo real: decisiones entre inferencia local o en la nube, diseño modular y escalable, interoperabilidad. Se abordan también la privacidad, seguridad, ética y aspectos legales. Finalmente, se ven prácticas de mantenimiento continuo, CI/CD, monitoreo de desempeño y control de costos.","Actividad práctica individual, a desarrollar en clase. 
Duración 2hs cada una, 10 actividades en total.|||Trabajo a elelcción a desarrollar fuera de clase como evaluación final de la material. Se desarrolla en equipos de hasta 4 integrates y se estima unas 40hh de trabajo en total. El trabajo es a elección de los alumnos, pero debe presentarse y ser aprobado por el docente. Se proveerá asistencia en su desarrollo durante la cursada y hasta la fecha de entrega final."
72.80,Big Data,https://drive.google.com/file/d/1KzXlw6vYNQ2N8QuoXy5UBIcQqqiXxHse/view?usp=drivesdk,Sistemas de archivos distribuidos: estructura y funcionamiento. Clústeres de almacenamiento distribuido. Consulta y modelado de bases de datos NoSQL. Implementación de algoritmos de procesamiento distribuido y paralelo. Modelo de programación MapReduce. Streaming y análisis de datos en tiempo real.,"Al finalizar el curso los alumnos deberán:
•	Comprender las arquitecturas y tecnologías utilizadas para almacenar, procesar y analizar grandes volúmenes de datos.
•	Conocer el funcionamiento de los sistemas de archivos distribuidos como Hadoop Distributed File System (HDFS); entender su estructura y funcionamiento.
•	Saber configurar y administrar clústeres de almacenamiento distribuido para el manejo eficiente de grandes conjuntos de datos.
•	Dominar la sintaxis de consulta y el modelado de datos en bases de datos NoSQL.
•	Saber seleccionar la base de datos NoSQL adecuada según los requisitos de la aplicación.
•	Utilizar frameworks y herramientas como Apache Hadoop y Apache Spark para implementar algoritmos de procesamiento distribuido y paralelo.
•	Dominar el modelo de programación MapReduce y saber cómo diseñar y desarrollar programas MapReduce utilizando lenguajes como Java o Python.
•	Utilizar herramientas y plataformas como Apache Kafka y Apache Spark Streaming para procesar y analizar datos en tiempo real.
•	Aplicar los conocimientos adquiridos en casos de uso reales de analítica de Big Data utilizando bibliotecas de Hadoop y Spark.
•	Implementar técnicas de cifrado, enmascaramiento y anonimización de datos para garantizar la privacidad y confidencialidad de la información sensible en entornos de Big Data.","Unidad 1: Bienvenida al curso de Tecnologías de Big Data
|||Unidad 2: Introducción a Big Data
|||Unidad 3: Almacenamiento y gestión de Big Data
|||Unidad 4: Procesamiento de Big Data
|||Unidad 5: Análisis y minería de datos
|||Unidad 6: Procesamiento de datos en tiempo real
|||Unidad 7: Análisis de texto y procesamiento del lenguaje natural
|||Unidad 8: Seguridad y privacidad en Big Data"," Objetivo del curso y repaso de requisitos previos
 Introducción a las tecnologías para el procesamiento de Big Data.
 Big Data y el mundo empresarial.||| Definición y características de Big Data
 Tipos de datos y fuentes de datos
 Desafíos y oportunidades en el análisis de Big Data
 Casos de uso de Big Data en diferentes industrias||| Sistemas de archivos distribuidos
 Bases de datos NoSQL
 Almacenamiento en la nube para Big Data
 Arquitecturas de almacenamiento escalables y tolerantes a fallos||| Procesamiento distribuido y paralelo
 MapReduce y frameworks similares
 Procesamiento en tiempo real
 Uso de lenguajes y herramientas de programación para Big Data||| Técnicas de análisis de datos
 Minería de datos y descubrimiento de patrones
 Aprendizaje automático aplicado a Big Data
 Visualización de datos masivos||| Arquitecturas de procesamiento en tiempo real, como Lambda Architecture y Kappa Architecture
 Streaming de datos y procesamiento en tiempo real con Apache Kafka
 Procesamiento de datos en streaming con Apache Spark Streaming||| Fundamentos del procesamiento del lenguaje natural (PLN)
 Extracción de características de texto y análisis de sentimientos
 Procesamiento de texto a gran escala con Apache Hadoop y Apache Spark||| Desafíos de seguridad en el entorno de Big Data
 Técnicas de cifrado y enmascaramiento de datos
 Marco legal y ético para el manejo de datos sensibles","Configurar un entorno de Google Colab con PySpark y cargar un dataset simple.|||Crear y manipular un DataFrame en PySpark usando Google Colab.

|||Leer y escribir datos en formatos como CSV y Parquet|||Realizar consultas SQL sobre un dataset de gran tamaño|||Simulación de procesamiento en tiempo real con PySpark Streaming.
Semanas|||Regulaciones y su impacto en el manejo de datos masivos|||El impacto de la IA y Big Data en la sociedad"
72.81,Simulación y Animación de Sistemas Multipartículas,,,,,,
72.82,Tópicos de NOSQL,,,,,,
72.83,Técnicas Avanzadas de HCI con Uso de Rastreadores de Ojos y Manos,,,,,,
72.84,Base de Datos Espaciales y Sistemas de Información Geográfica,,,,,,
72.85,Análisis de Datos en la Web Semántica,,,,,,
72.86,Técnicas Avanzadas en Videojuegos,,,,,,
72.87,Diseño Sonoro para Animación y Videojuegos,https://drive.google.com/file/d/1F128goORpAE-z0EQA4MEFJ4XbxgAAxNr/view?usp=drivesdk,"Parámetros básicos de la imagen y del sonido. Sistema visual, fonal y auditivo. Audiovisión. Diseño audiovisual. Proceso de producción audiovisual. Banda sonora.","- Reconocer las funciones y tareas vinculadas al diseño sonoro en las producciones audiovisuales, focalizando el aprendizaje en los géneros de animación y videojuegos.
- Comprender el rol de un diseñador sonoro en un equipo de trabajo vinculado al desarrollo de videojuegos o animaciones.
- Agudizar el sentido estético aplicado a este tipo de producciones desde el aprendizaje de recursos y herramientas dadas por los lenguajes sonoro, visual y audiovisual.
- Experimentar la realización de diseños sonoros para diversas producciones a través de plataformas de trabajo que se emplean en el ámbito profesional.","Parámetros básicos del sonido
|||Parámetros básicos de la imagen
|||Sistema visual, fonal y auditivo
|||La Audiovisión
|||Proceso de realización audiovisual.
|||Recursos de diseño visual.
|||La banda sonora audiovisual.
|||Videojuegos.
|||El video.
|||El plano sonoro|||Imágenes sonoras|||El audio digital|||Principios básicos de la edición y montaje de video
|||Principios básicos de la edición y procesamiento de sonido
|||Diseño sonoro y sonorización","Amplitud, frecuencia y fase. Timbre. Velocidad y medios de propagación. Ondas mecánicas.|||Amplitud, frecuencia y fase. Velocidad y medios de propagación. Ondas electromagnéticas.|||Funcionamiento y descripción de sus partes. Principales afecciones. Comparación con el funcionamiento de
dispositivos tecnológicos para la generación de sonido y para la detección de imagen y sonido.|||Principios y fundamentos de la ilusión audiovisual. La percepción de la combinación audiovisual. El valor
agregado del sonido a la imagen y del texto a la imagen. Síncresis. Vococentrismo y verbocentrismo. Efecto
empático y anempático en la música y los objetos sonoros.|||Pre-producción, producción/realización y post-producción. Tareas, interrelación y subetapas.|||Planos, ángulos y movimientos de cámara/animación; uso de color; tipos de iluminación; relación figura/fondo y
enfoque.|||Banda de música, banda de diálogos y banda de efectos sonoros. Doblaje. Foley.|||Géneros, tipos y estéticas.|||Relación de aspecto. Resolución. Normas y conformación de imágenes. Video digital: Formatos, contenedores
y compresores. Cálculo de tamaño de archivo.|||El plano sonoro según el comportamiento de la intensidad, ecualización y efectos de espacialidad. El plano
sonoro según la narratividad audiovisual.|||Imágenes monaural, estéreo y envolvente. Descripción y usos.|||Formatos, contenedores y compresores. Cuantificación y frecuencia de muestreo. Cálculo de tamaño de
archivos.|||Sincronización y secuenciación. Transiciones y efectos. Titulado. Utilización de fotogramas clave y
automatización.|||Transiciones: fade-in y fade-out. Ecualización. Procesamiento y alteración de rango dinámico. Efectos de
sumatoria, superposición y desfasaje: chorus, flanger y phaser. Efectos de espacialidad: reverberación y delay.
Paneo.|||Bancos de sonido. Diseño de efectos de sonido para videojuegos. Doblaje. Registro y procesamiento de
diálogos y locuciones de inclusión en videojuegos. Banda de música orientada a videojuegos: creación y
selección. Creación de banda sonora para audiovisuales animados.","El TP de cursada, que se desarrolla a lo largo del curso en forma grupal, varía para cada grupo y para cada curso. Precisamente, la creatividad juega un rol
fundamental en el TP."
72.88,Introducción a la Neurociencia Computacional,,,,,,
72.89,Moneda Digital Descentralizada,,,,,,
72.90,Internet de las Cosas (IoT),https://drive.google.com/file/d/1Rke9VNO75uV5u1IZ_kr6kH6FXktzzjig/view?usp=drivesdk,"Conceptos de microcontroladores.  Introducción a la programación de microcontroladores.  Sensores – señales digitales y analógicas.  Control del medio ambiente.  Integración de microcontroladores con aplicaciones informáticas.  IPv6, MQTT.  Aplicación a la transformación digital de las organizaciones.","Al completar el curso, los estudiantes serán capaces de:
* Explicar los conceptos fundamentales vinculados al Internet de las Cosas (IoT), el Internet Industrial de las Cosas (IIoT) y la Industria 4.0, comprendiendo su evolución y sus aplicaciones.
* Identificar y justificar escenarios reales donde la aplicación de soluciones IoT aporte valor, eficiencia o nuevas capacidades.
* Desarrollar aplicaciones IoT funcionales utilizando kits de desarrollo, microcontroladores y sensores específicos.
* Diseñar e implementar soluciones IoT de punta a punta, considerando eficiencia, escalabilidad y viabilidad técnica.","Módulo 1: Introducción a IoT y visión general del curso|||Módulo 2: La Capa de Borde – Adquisición de Datos|||Módulo 3: La Capa de Conectividad|||Módulo 4: La Capa de Datos – Ingesta, Agregación y Presentacion|||Módulo 5: Desarrollo del Trabajo Final Integrador (TFI)","Este módulo brinda una introducción al Internet de las Cosas (IoT), explorando su impacto en la industria y la sociedad. Se presentan los conceptos fundamentales, las arquitecturas de sistemas IoT y las tecnologías clave que lo conforman. Los alumnos conocerán el modelo de capas de IoT, comprendiendo cómo los dispositivos capturan datos, los transmiten a través de redes de comunicación y los procesan en la nube o en el borde. También se abordarán casos de uso reales en sectores como la energía, manufactura, ciudades inteligentes y salud.

•	Definición de IoT e IIoT.
•	Aplicaciones y tendencias.
•	Modelos de arquitectura IoT.
•	Introducción a sensores, hardware embebido y plataformas de procesamiento de datos.|||En este módulo, los alumnos explorarán la Capa de Borde en IoT, donde se realiza la adquisición, procesamiento y transmisión inicial de datos desde los dispositivos. Se analizarán los sensores y actuadores, los protocolos de comunicación utilizados en la industria y la importancia del procesamiento distribuido en el borde. Además, se presentará el módulo RIM, con la participación de ingenieros de TwinDimension, quienes explicarán sus características, arquitectura y aplicaciones en diferentes industrias.

•	Introducción a los sistemas de adquisición de datos.
•	Protocolos industriales y sistemas SCADA.
•	Sensores, actuadores y microcontroladores.
•	Procesamiento en el borde: Inteligencia distribuida.|||Este módulo se centra en la Capa de Conectividad dentro del ecosistema IoT, abordando las distintas tecnologías de comunicación que permiten la transmisión eficiente de datos desde los dispositivos de borde hasta la nube o sistemas locales. Se analizarán las principales opciones de conectividad, sus ventajas y limitaciones según el caso de uso. Al finalizar el módulo, los alumnos serán capaces de seleccionar la tecnología de comunicación más adecuada para diferentes escenarios IoT, considerando restricciones operativas y técnicas.
•	Comunicaciones terrestres: Wi-Fi, LoRaWAN, NB-IoT, 4G/5G.
•	Comunicaciones satelitales: Orbcomm, Inmarsat.
•	Análisis de tramas y eficiencia del canal.
•	Casos de uso de tecnologías de conectividad en IoT.|||Este módulo aborda la Capa de Datos (Data Layer) en el ecosistema IoT, donde la información adquirida por los dispositivos de borde es procesada, almacenada y visualizada para su análisis y toma de decisiones. Se trabajará sobre diferentes metodologías de representación de informacion y de presentacion y KPI. Los ingenieros de TwinDimension presentarán el producto T-DATA, explicando cómo se gestiona la información dentro de una plataforma IoT y su integración con diversas tecnologías. Al finalizar el módulo, los alumnos serán capaces de diseñar un flujo de datos eficiente en soluciones IoT, garantizando que la información capturada en el borde sea correctamente almacenada, procesada y presentada de manera útil para la toma de decisiones.
•	Introducción a Big Data y Machine Learning en IoT.
•	Microservicios de ingesta y almacenamiento.
•	Protocolos de comunicación: MQTT, Modbus, OPC.
•	Visualización de datos en dashboards.|||El Trabajo Final Integrador (TFI) es la instancia culminante de la materia, donde los alumnos aplicarán todos los conocimientos adquiridos a lo largo del curso en el diseño, desarrollo e implementación de una solución IoT funcional. El objetivo del TFI es que los estudiantes, organizados en grupos, desarrollen un Producto Mínimo Viable (MVP) basado en un caso de uso real. El TFI se desarrollará de manera iterativa a lo largo de la cursada, con entregas parciales y revisiones para asegurar un avance progresivo del proyecto.
•	Planteo del problema y desarrollo de hipótesis.
•	Definicion de un VPC (Value Proposition Canvas)
•	Diseño y desarrollo de un MVP (Producto Mínimo Viable).
•	Implementación de una solución IoT con mediciones reales.
•	Presentación final del proyecto.","Modalidad: Práctica de laboratorio, presencial.

Duración y organización: 2 clases de 4 horas cada una.

Propuesta: Trabajo en equipos. Se asigna una consigna técnica común con objetivos funcionales a alcanzar.

Metodología, seguimiento y calificación: Desarrollo de un circuito funcional con sensores. Se verifica:
Captura de señal analógica.
Aplicación de técnicas de filtrado.
Programación de condiciones para transmisión de datos.
Generación de alarmas ante umbral.
Visualización de resultados en dashboard.

La calificación es formativa y se registra el cumplimiento de objetivos por equipo. Se valoran además claridad en el código y documentación mínima.

Rol docente: Asistencia técnica personalizada, revisión de código, sugerencias de mejora, evaluación continua y guía en la integración entre hardware y software.|||Modalidad: Práctica de laboratorio, presencial.

Duración y organización: 1 clase de 4 horas, más 1 clase de 2 horas para entrega asincrónica.

Propuesta: Trabajo en equipos. Se asigna una consigna técnica común con objetivos funcionales a alcanzar. A partir de un generador de datos simulado, los estudiantes deben diseñar dashboards con distintos tipos de visualizaciones según criterios definidos (por variable, por tipo de usuario, con alarmas, etc.).

Metodología, seguimiento y calificación: Se entrega practica con los dashboards y se revisan las reglas de procesamiento de datos en la nube (rulechain), La calificación es formativa y se registra el cumplimiento de objetivos por equipo. Se valoran además claridad en el código y documentación mínima.

Rol docente: Introducción teórica al uso de herramientas, guía en clase para resolver dudas técnicas.|||Modalidad: Proyecto integrador, híbrido (presencial y en casa).

Duración y organización: A lo largo del cuatrimestre, con entregas parciales cada 3-4 semanas y una entrega final con presentación.

Propuesta: Trabajo en equipo interdisciplinario. Cada grupo elige un problema real o simulado y propone una solución IoT completa.

Metodología, seguimiento y calificación: Se aplica un enfoque de desarrollo iterativo (modelo espiral) con tutorías y checkpoints técnicos. Se evalúa:

Diseño técnico y conceptual.
Implementación del sistema (medición, transmisión, dashboards).
Integración de aprendizajes.
Presentación y documentación final.

La evaluación combina nota grupal e individual, considerando aportes personales, nivel técnico, originalidad y presentación.

Rol docente: Tutor y guía del proceso. Provee retroalimentación en cada iteración, plantea desafíos técnicos según cada etapa y evalúa entregas parciales y finales."
72.92,El Paradigma NoSQL - Bases de Datos de Grafos,https://drive.google.com/file/d/1Bky-tikcXXgKkuKy3OJmaPB87uW82Nys/view?usp=drivesdk,Conceptos de Big Data. Modelo de Datos de grafos. Su comparación con modelo relacional. Lenguajes de Consulta sobre grafos: patrones y navegación. Modelos de implementación local vs global: Property Graph vs Linked Data. Frameworks para procesamiento de grafos. Taller de aplicación con motores de bases de datos de grafo de código abierto.,"- Analizar las diferencias y similitudes entre sistemas de bases de datos relacionales y sistemas de bases de grafos, especialmente desde el punto de vista de grandes volúmenes de datos. - 
- Destacar y comparar las características de los modelos de implementación local y global para grafos (Property Graph vs Linked Data).
- Programar consultas sobre base de datos de grafos, tanto del tipo property graph como del tipo edge-labeled (RDF).
- Analizar los frameworks que se utilizan para el procesamiento distribuido de grafos, usado en el caso de grandes volúmenes de datos.",Unidad 1 |||Unidad 2|||Unidad 3|||Unidad 4|||Unidad 5|||Unidad 6,"Características de Big Data. Historia de Base de Datos de Grafo. Conceptos de Big Data. El paradigma NoSQL. |||Modelo de Datos Modelo de datos de grafo. Comparación con modelo relacional. Casos de uso aplicados a biología, web, redes sociales. Introducción a los Sistemas de BD de Grafos (GDBMS). Frameworks para procesamiento distribuido de grafos. Modelos de implementación local vs global: Property Graph vs. Linked Data.|||Tipos de consulta para sobre grafos: patrones y consultas de navegación. Consultas de adyacencia. Consultas de alcanzabilidad. Consultas de pattern matching. Consultas de sumarización. Medidas de centralidad. Clustering de grafos |||Property Graphs Modelo formal. El tipo de datos grafo. Operaciones. Implementación: lista de adyacencia, lista de incidencia, matriz de adyacencia, matriz de incidencia, matriz de adyacencia comprimida. Uso de cada estructura en GDBMS. Implementaciones: Sparksee, Neo4j. La BDG Neo4j y su lenguaje  de consulta Cypher.  |||El modelo de grafos edge-labeled: RDF-triple stores. Lenguaje de Consulta para RDF: SPARQL. Implementación al modelo RDF: Hexastore. Virtuoso. Equivalencia entre Property Graphs y RDF. |||Frameworks para el procesamiento distribuido de grafos GraphX, Pregel. JanusGraph Unidad 7: Análisis de datos en grafos Data analytics y online analytical processing (OLAP) sobre grafos.","Implementación de grafos en bases de datos relacionales.
En este trabajo se plantean problemas (sobre un data set que se le proporciona a los estudiantes) que se pueden modelar como grafos, pero se pide implementarlos sobre la BD relacional PostgreSQL.

Los TPs 1 a 10 se realizan de manera opcional, con el seguimiento de los docentes, no llevan calificación, pero su resolución es necesaria para prepararse para el examen parcial.|||Implementación de grafos en Neo4j.  En este TP se implementa el TP1, pero utilizando la BDG Neo4j y se comparan y discuten resultados. |||Grafos en Neo4j. Consultas avanzadas. Se proveen distintos datasets y casos de estudio, y se plantean una serie de consultas a expresar en Cypher.|||Grafos en Neo4j: índices y optimización de consultas. Planteo de ejercicios a efectos de utilizar herramientas para mejorar la performance.|||Programación con la API de Neo4j. Ejercicios de programación de consultas utilizando APIs en lugar de lenguajes de consulta de alto nivel.|||El framework Spark para procesamiento distribuido. Preparación del entorno para implementar grafos distribuidos.|||BD Grafos distribuidas: Graph X. Ejercicios de implementación de problemas utilizando GraphX, la BDG que provee Spark.|||BD Grafos distribuidas: GraphFrames, Pregel.|||BD de grafos distribuidas: Janusgraph |||BD de grafos distribuidas: Janusgraph, consultas avanzadas.|||Utilizando los grafos construidos en el curso (GraphFrames o Janusgraph), programar consultas complejas, a definir en cada curso. Las consultas deben ejecutarse sobre al menos tres datasets de distintos tamaños, y deben ser computacionalmente eficientes."
72.94,Introducción a los Sistemas Embebidos,,,,,,
72.95,Proyecto de Innovación Científico-Tecnológico,,,,,,
72.96,Proyecto de Aplicaciones Móviles,,,,,,
72.97,Introducción a la Programación de Videojuegos,https://drive.google.com/file/d/1KmgSe_QGpwqm4eVsYpYp1Xk0Db1cR1_Z/view?usp=drivesdk,"Introducción al diseño de videojuegos. Programación de videojuegos: Motores, Patrones de diseño específicos (strategy, facade, managers, command, observer). Entorno de desarrollo: programación de juegos 3D, sistema de componentes, assets, sonidos, objetos 3D.","Que el alumno:
1. Conozca las características de la industria de videojuegos.
2. Ponga en práctica el proceso de desarrollo de un videojuego.
3. Trabaje en equipo.
3. Aprenda a desarrollar un videojuego sencillo de manera integral.","Contenidos:|||Módulo 1: Introducción al desarrollo de videojuegos y estructura del proyecto|||Módulo 2: Programación de comportamientos básicos y entrada del jugador|||Módulo 3: Integración de recursos multimedia y cámara|||Módulo 4: Organización del flujo del juego y arquitectura del código|||Módulo 5: Interfaces de usuario y programación avanzada de eventos|||Módulo 6: Optimización, patrones avanzados y pulido final","El proceso de desarrollo de un videojuego: elección de metodología, pre-producción y producción, roles y
responsabilidades del equipo de desarrollo, publicación del juego. Arquitectura de los videojuegos. Programación de
videojuegos. Taller de aplicación con uso de entornos tipo Unity.|||Este módulo presenta el entorno de desarrollo (Unity), la estructura base de un proyecto y los roles en un equipo de desarrollo. Se enseña cómo organizar Assets, crear Prefabs reutilizables y planificar el alcance del juego. Además, se introduce el concepto de pitch de venta y su rol en la industria.|||Se abordan los fundamentos de la programación orientada a componentes: movimiento, rotación, instanciación, destrucción de objetos y captura de inputs mediante el sistema Input System. Se trabajan colisiones y triggers con reacciones personalizadas.|||Este módulo introduce la incorporación de audio (música de fondo y SFX), texturas y efectos visuales. Se enseña a usar Cinemachine para el manejo de cámaras dinámicas. Se exploran también conceptos básicos de iluminación, partículas y gravedad.|||Aquí se trabaja la implementación de múltiples escenas (menú, gameplay, fin de juego) y su carga asincrónica. Se abordan los patrones de diseño fundamentales como Strategy, Manager, Command y Event Queue para estructurar la lógica de juego de manera escalable y mantenible.|||Este módulo cubre los elementos básicos de UI (vida, puntos, layout de scroll, etc.) y su integración con la lógica del juego. Se introduce el uso de Actions, Delegates y Eventos como herramientas clave para desacoplar componentes y mejorar la interacción entre sistemas.|||El último módulo introduce el patrón Flyweight como técnica de optimización de memoria. Se implementan animaciones por código y mediante el sistema de animator states. Además, se incorporan efectos visuales avanzados (luces, partículas) y técnicas como Raycasting para interacción avanzada con el entorno.","•	Los parciales consisten en la entrega de un juego 3D en Unity (2022.3.35 LTS), cuya aprobación dependerá de los objetivos que se hayan completado. 
•	El proyecto se realizará en grupos de 2 a 3 integrantes.
•	En la corrección se le harán preguntas a cada integrante para corroborar la comprensión del trabajo realizado. 
•	El juego debe ser el mismo en las 3 instancias de evaluación."
72.98,Práctica Laboral,,,,,,
73.21,Desarrollo de Aplicaciones Móviles Multiplataforma,,,,,,
73.22,Fundamentos de DevOps,https://drive.google.com/file/d/1DKZOzMGrFV8DeI2V1GIvA0xqJPYQnn47/view?usp=drivesdk,Orígenes de DevOps. Relación con otras metodologías como Agile y Lean. Motivación. - Control de versiones y gestión de cambios. - Integración Continua. Concepto y herramientas. - Deployment Continuo: Concepto y herramientas. - Seguridad en DevOps,"- Comprender los fundamentos, principios y cultura DevOps, así como su impacto en los procesos de desarrollo y operaciones de software.  
- Poner en práctica herramientas y metodologías como Git, CI/CD, Docker, Kubernetes e infraestructura como código para automatizar y optimizar el ciclo de vida del software.  
- Fortalecer la capacidad de trabajo colaborativo entre equipos de desarrollo y operaciones, incorporando prácticas de integración y entrega continua.  
- Analizar escenarios reales para identificar oportunidades de mejora y aplicar soluciones DevOps, incluyendo criterios de seguridad (DevSecOps) y observabilidad.  
- Fomentar el aprendizaje autónomo y la adopción de una mentalidad de mejora y adaptación continua para liderar transformaciones digitales en organizaciones modernas.","Fundamentos y Prácticas de DevOps: Cultura, Automatización y Calidad en el Ciclo de Vida del Software|||Contenedores, Orquestación y Observabilidad en Entornos DevOps|||DevOps en entornos Cloud y Serverless","Este módulo introduce a los estudiantes en los principios y la cultura DevOps, abordando su evolución histórica, los conceptos de “The Three Ways” y las métricas DORA, así como el papel clave de DevOps en el desarrollo de software moderno y la cultura organizacional. Se trabajan distintas formas de organización de código (monorepo vs multirepo) y flujos de trabajo con Git. Se profundiza en la construcción y automatización de pipelines de CI/CD con herramientas actuales como GitLab y Jenkins, aplicando buenas prácticas y control de artefactos en distintos lenguajes (Go, Java, Python, Typescript).

A lo largo del módulo, los estudiantes aplicarán técnicas de control de calidad en el código, incluyendo linters, pre-commit y pruebas automatizadas (testings pre y post deployment), integrando prácticas de seguridad (DevSecOps) y administración de secretos. El curso también aborda la gestión de múltiples ambientes de despliegue, estrategias de lanzamiento como canary releases y feature flagging, así como la infraestructura como código (IaC) con Ansible y su aplicación en la nube. Finalmente, se exploran herramientas y técnicas para monitoreo, observabilidad y resiliencia de los sistemas, incluyendo métricas, logs, instrumentación y estrategias de escalabilidad para entornos de producción.
|||En este módulo, los estudiantes se introducen en la creación y gestión de contenedores en entornos Linux, aprendiendo a construir imágenes personalizadas, administrar registries públicos y privados, y desplegar aplicaciones modelo en contenedores. Se abordan prácticas avanzadas como la administración de secretos en tiempo de build y runtime, la automatización con Docker Compose, el versionado y manejo de artefactos, así como la integración de testing y escaneo de seguridad en los contenedores.

El contenido se extiende hacia la orquestación de contenedores usando Kubernetes, abarcando temas clave como la gestión de secretos, estrategias de despliegue (Canary, progresivo, pruebas A/B) y la creación de clusters mediante herramientas de Infraestructura como Código (Helm y Terraform) en plataformas como AWS. Finalmente, se exploran conceptos fundamentales de observabilidad, incluyendo logs, métricas, tracing y técnicas modernas de instrumentación, permitiendo a los estudiantes monitorear, analizar y optimizar la salud y el rendimiento de aplicaciones desplegadas en infraestructuras modernas.

|||Este módulo aborda la integración de prácticas DevOps en arquitecturas cloud y serverless, profundizando en la automatización de despliegues, la infraestructura como código mediante frameworks especializados y la gestión avanzada de ambientes distribuidos. Los estudiantes aprenderán a implementar pipelines de despliegue serverless, administrar versiones y lanzar estrategias avanzadas como Canary y A/B. Se trabajará en la gestión de artefactos, secretos y ambientes de testing en la nube, así como en la aplicación de herramientas de seguridad cloud-native como CSPM, CIEM, CWPP y CNAPP para proteger y monitorear infraestructuras en tiempo real. Además, se cubrirán técnicas de monitoreo y observabilidad con herramientas modernas, configuración de load balancers, CloudFront y la simulación de fallas para asegurar la resiliencia y escalabilidad de las aplicaciones. Se espera que los estudiantes adquieran habilidades para diseñar, desplegar y mantener aplicaciones cloud-native en entornos dinámicos, incorporando las mejores prácticas de seguridad y monitoreo continuo.",Se le entrega al alumno una guía de práctica en forma semanal. Las guías se componen de una situación de base sobre la cual el alumno debe hacer modificaciones o sacar conclusiones acerca del tema visto en la clase. Se componen de 10 guías en toda la materia.
73.23,Programación Orientada a Datos,,,,,,
73.30,Desarrollo profesional de software: del código al producto,,,,,,
73.40,ARQUITECTURA DE MICROSERVICIOS,https://drive.google.com/file/d/1sOBoPQOGL0KtMBVy0WG_OrQUp7XPLyWN/view?usp=drivesdk,"Conceptos, beneficios y desventajas de las arquitecturas de microservicios comparadas con las arquitecturas monolíticas. Criterios y herramientas para el diseño de una arquitectura de microservicios. Concepto de contenedor. Creación y uso de contenedores y servicios de apoyo para arquitectura de microservicios. Refactoring de aplicaciones monolíticas.","1. Consolidar conocimientos sólidos en Linux y en los principios fundamentales de contenedores, proporcionando una base adecuada para comprender y trabajar con arquitecturas de microservicios.
2. Lograr un dominio en el uso de herramientas clave para microservicios, tales como Docker, Docker Compose y Kubernetes, permitiendo la aplicación práctica de estos conocimientos en ejercicios y proyectos.
3. Contar con la capacidad de comprender y aplicar patrones de diseño pertinentes a la arquitectura de microservicios, y de seleccionar aquellos más adecuados según la problemática a resolver.
4. Demostrar un entendimiento profundo de las interfaces de comunicación síncrona y asíncrona en microservicios, pudiendo evaluar y escoger opciones de implementación en función de ventajas, desventajas y casos de uso.
5. Adquirir la habilidad para implementar, administrar y monitorear infraestructuras de microservicios en situaciones reales, haciendo especial énfasis en la gestión de servicios, la automatización mediante pipelines y la utilización de recursos serverless.",Concepto y uso avanzado de contenedores.|||Diseño de una arquitectura basada en microservicios|||Orquestación de contenedores Kubernetes|||Complementos para sistemas de microservicios|||Microservicios en Serverless|||,"Este módulo de conocimiento se centra en la introducción a la Arquitectura de Microservicios y el uso práctico de Linux y las tecnologías de contenedores. Desde los fundamentos de Linux hasta características más avanzadas como cgroups y namespaces, se establece una sólida base para la comprensión de los contenedores y su importancia en los microservicios.

En la siguiente sección, los estudiantes profundizarán en Docker, una herramienta esencial para la creación y manejo de contenedores. Se cubrirán en detalle los Dockerfiles, la creación de imágenes, el manejo de registros y los conceptos clave de Networking. Para solidificar estos conocimientos, los estudiantes practicarán la creación de Dockerfiles para múltiples lenguajes de programación, incluyendo Go, Javascript, Typescript y Python.

En la última parte del módulo, los estudiantes aprenderán a utilizar Docker Compose y manejar secretos, herramientas importantes para organizar y proteger aplicaciones basadas en microservicios. Finalmente, se pondrán en práctica todos estos conceptos mediante la implementación de Docker Compose para una aplicación modelo.|||Este módulo de conocimiento se centra principalmente en la profundización de los conceptos de la arquitectura de microservicios y el desarrollo de habilidades prácticas necesarias para su gestión eficiente. Se inicia con la exploración de Docker Compose y los principios de manejo de secretos.

Posteriormente, los estudiantes se sumergen en los conceptos de Arquitectura, DDD (Diseño Orientado al Dominio) y Event Storming, indispensables para entender el diseño de sistemas basados en microservicios. Se hace hincapié en los interfaces Sync/Async y se examinan en detalle diferentes tecnologías de comunicación como REST, grpc, TCP SSE, entre otras.

Luego, se introducen conceptos de coreografía y orquestación a través de Kafka y n8n, reforzando el entendimiento de los patrones de interacción en los sistemas de microservicios.

Además, se estudian los patrones de diseño aplicables a esta arquitectura para que el estudiante aprenda a seleccionar y aplicar patrones apropiados según el caso.

En la parte práctica, los estudiantes tendrán la oportunidad de comparar diferentes interfaces de API y trabajarán en un caso de estudio para la coreografía de microservicios, lo cual permitirá consolidar los conceptos aprendidos y desarrollar habilidades prácticas en la implementación de la arquitectura de microservicios.|||Este módulo se enfoca en profundizar los conocimientos y habilidades sobre Kubernetes (K8S), una plataforma de código libre para la automatización de despliegues, escalado y manejo de aplicaciones en contenedores. Comienza con una introducción detallada a la arquitectura de K8S, su sistema de networking y los distintos roles que asumen los nodos dentro de un cluster.

La siguiente sección cubre el manejo de workloads en Kubernetes, donde los estudiantes aprenderán a balancear cargas de trabajo, aplicar secretos y gestionar la configuración, herramientas clave para mantener un sistema de microservicios robusto y seguro.

Helm, un gestor de paquetes para Kubernetes, es el siguiente tema a tratar, junto con los patrones reutilizables recomendados para implementar aplicaciones en Kubernetes, que ayudan a optimizar los procesos de despliegue e implementación.

En la parte práctica del módulo, los estudiantes tendrán la oportunidad de aplicar estos conceptos en la vida real. Aprenderán a desplegar un cluster de Kubernetes en EC2 (Elastic Compute Cloud) y cómo administrar servicios en K8S. Además, aplicarán Helm para desplegar una aplicación modelo, poniendo en práctica los conocimientos adquiridos en un escenario real.|||Este módulo está orientado a las prácticas modernas de entrega continua, gestión de servicios y monitoreo en arquitecturas de microservicios. A nivel teórico, se abordan conceptos como la construcción de pipelines de integración y despliegue continuo (CI/CD), la implementación de Infraestructura como Código (IaC) y las prácticas de testing específicas para sistemas distribuidos.

Además, se analizan herramientas avanzadas como API Gateway, gestión de características (Feature Management) y Service Mesh, que facilitan la administración, el control y la seguridad de las comunicaciones dentro de la arquitectura de microservicios. Finalmente, se introduce el concepto de observabilidad, enfatizando la importancia de monitorear el comportamiento y el desempeño de aplicaciones complejas.

En la parte práctica, los estudiantes implementarán un pipeline de CI/CD, configurarán un service mesh para gestionar la comunicación entre microservicios y realizarán ejercicios de trazabilidad (trazas) para obtener visibilidad de las transacciones y flujos dentro del sistema, aplicando así los conocimientos adquiridos en escenarios concretos.|||Este módulo introduce a los estudiantes en la implementación de arquitecturas serverless para microservicios, abordando tanto los fundamentos teóricos como la aplicación práctica en entornos reales. Se exploran los conceptos clave de la arquitectura Lambda, incluyendo el funcionamiento, la gestión de networking y el uso de namespaces para la organización y el aislamiento de servicios.

Además, se presenta el ecosistema de servicios serverless en AWS, permitiendo comprender el diseño, despliegue y operación de soluciones basadas en funciones como servicio. En la parte práctica, los estudiantes implementarán una coreografía de microservicios utilizando AWS Lambda, consolidando los conocimientos adquiridos y familiarizándose con los desafíos y ventajas del enfoque serverless.|||",Se le entrega al alumno una guía de práctica en forma semanal. Las guías se componen de una situación de base sobre la cual el alumno debe hacer modificaciones o sacar conclusiones acerca del tema visto en la clase. Se componen de 10 guías en toda la materia.|||
73.50,"Infraestructura de Cómputo: Data Center, Cloud y Edge",,,,,,
73.60,Introducción a la Robótica Empresarial,,,,,,
73.61,Neurorobótica,,,,,,
73.62,Introducción a la Programación Paralela,,,,,,
73.63,Redes Equivariantes,,,,,,
73.64,Temas Avanzados en Deep Learning,,,,,,
73.65,Procesamiento del Lenguaje Natural,,,,,,
73.66,Procesamiento de Imágenes Satelitales,,,,,,
73.67,Análisis de series de tiempo con Inteligencia Artificial,,,,,,
73.80,SEGURIDAD OFENSIVA,,,,,,
73.81,Ciberseguridad Ofensiva y Defensiva,,,,,,
73.82,Bases de Datos Espaciales y de Movilidad,https://drive.google.com/file/d/1G2wuht2EX7J01rUj_Dnimb5mZPK2f2dX/view?usp=drivesdk,"Bases de Datos Espaciales. Modelos vectorial y continuo. Extensiones espaciales de bases de datos relacionales. Análisis de datos geográficos: conceptos y herramientas. Análisis del movimiento: modelos abstracto y concreto. La base de datos MobilityDB. Lenguajes de Consulta de Objetos Móviles. Concepto de trayectoria. Patrones de trayectorias. Clustering y similitud de trayectorias. Aplicaciones a transporte marítimo, aéreo y urbano.","Al terminar el curso los participantes podrán 
•	Comprender los fundamentos del modelado de datos espaciales y de movilidad.
•	Adquirir, crear y preprocesar datos espaciales, y utilizarlos en consultas sobre bases de datos espaciales y de movilidad.  
•	Utilizar habilidades técnicas para aplicar estos sistemas a soluciones a problemas reales","Unidad 1.  Bases de Datos espaciales.
|||Unidad 2. Diseño Conceptual de Bases de Datos Espaciales.|||Unidad 3. Diseño Lógico de Bases de Datos Espaciales.

|||Unidad 4. Consultas SQL a Bases de Datos Espaciales.

|||Unidad 5. Indices para Bases de Datos Espaciales y de Movilidad.
 |||Unidad 6. Procesamiento de Consultas|||Unidad 7. Bases de Datos de Movilidad.


|||Unidad 8. MobilityDB. 
|||Unidad 9.  Casos de Uso.","Historia de Base de Datos Espaciales, Bases de datos Temporales y Bases de Datos de Objetos Móviles.  Conceptos fundamentales. 
|||Modelos conceptuales de bases de datos espaciales. Tipos de datos espaciales: punto, línea, polígono.  Relaciones topológicas: Overlaps, Contains, Covers, Crosses, Intersects. El modelo de Egenhofer de 9 intersecciones. El modelo extendido. Extensiones espaciales al Modelo Entidad-relación.

|||Sistemas de referencia espaciales (SRS): geoides y elipsoides. Proyecciones cartesianas. SRIDs para distintas regiones. El modelo vectorial. El  standard ISO/IEC 13249 SQL/MM. Implementación de tipos de datos. El modelo raster. Implementaciones. Modelo lógico de bases de datos espaciales. 
|||Consultas SQL con funciones espaciales: distancia, buffer, área, longitud, intersecciones. Uso del modelo vectorial y raster en consultas.|||Extensiones multidimensionales de índices tradicionales: R-tree y R+-Tree. Space-partitioning índices: quadtree y kd-tree. Indexación de trayectorias: Multi-entry search índices. Implementaciones en PostGIS: GiST y SP-GiST.  |||Etapas en la ejecución de consultas. Planes de ejecución. Métodos de acceso. Table scan, Index scan, Sort-merge. Nested loop. Selectividad de índices.

|||Motivación. Necesidad de considerar la dimensión temporal. El modelo abstracto. Tipos de datos de movilidad: tfloat, tbool, tint, ttext, tgeompoint, tgeogpoint, tregion. Consultas sobre el modelo abstracto.|||MobilityDB. El modelo de secuencias. Tipos de datos: tsequence y tsequenceset. Funciones de tiempo, de acceso, de bounding box. Operadores: length, twavg, speed, tdistance.   Implementación de MobilityDB
Compresión de datos. Métodos de interpolación: discreta, escalonada, líneal. Normalización de trayectorias. Sincronización. Turning points.  Cómputo de funciones espaciotemporales.   |||Análisis de datos marítimos: AIS. Análisis de datos de vuelos: OpenSky.  Análisis de datos de tránsito.  Reales y sintéticos: BerlinMOD.","Diseño de bases de datos espaciales. Modelos conceptual y lógico. 
|||Consultas SQL a Bases de Datos Espaciales|||Visualización de datos espaciales: Cartogramas, Choropleths, Time Charts. Uso de QGIS y Python.|||Bases de Datos de trayectorias, modelo de datos, tipos de datos.|||Análisis de datos marítimos con MobilityDB.|||Análisis de datos de vuelos con MobilityDB.|||Análisis de datos de tránsito urbano con MobilityDB. Datos reales y sintéticos."
73.84,Ciencia de Datos Aplicada,https://drive.google.com/file/d/15afDHhNvI03tIapUYopuNZaMjWO4fVgV/view?usp=drivesdk,"Modelos de proceso para la ciencia de datos. Planificación de un proyecto de data science. Captura y almacenamiento de información. Integración, preparación y limpieza de datos. Machine learning. Modelado y análisis de datos. Diseño e implementación de visualizaciones para grandes volúmenes de datos. Generación de productos basados en datos. Comunicación y presentación de resultados de proyectos basados en datos.","- Comprender el ciclo de vida de un proyecto de Ciencia de Datos, incluyendo metodologías, roles y
planificación estratégica.
- Aplicar técnicas de captura, limpieza y preparación de datos desde diversas fuentes, como APIs, web
scraping y bases de datos.
- Entrenar modelos de aprendizaje automático para el análisis y extracción de patrones en datos
estructurados y no estructurados.
- Comunicar soluciones basadas en datos, utilizando visualización efectiva, MLOps y estrategias de integración con sistemas productivos.","Unidad 1: Introducción a los Proyectos basados en datos
|||Unidad 2: Diseño de proyectos de Ciencia de Datos
|||Unidad 3: Adquisición y preparación de datos
|||Unidad 4: Modelado y análisis de datos
|||Unidad 5: Generación de productos basados en datos|||Unidad 6: Comunicación de resultados
|||","Importancia de los proyectos basados en datos en la actualidad. Enfoque data-informed vs. data-driven.
Modelos de proceso para proyectos basados en datos: KDD, CRISP-DM, SEMMA, TDSP, otros. Roles
clave en proyectos de Ciencia de Datos. Habilidades requeridas para profesionales de Ciencia de Datos.
|||Definición de objetivos y requisitos del proyecto. Identificación de stakeholders y sus necesidades.
Definición de metas SMART (Específicas, Medibles, Alcanzables, Relevantes y Temporales). Planificación
del proyecto: cronograma, recursos y presupuesto. Análisis de viabilidad técnica: disponibilidad y calidad
de datos. Identificación y gestión de riesgos. Creación de un documento de alcance del proyecto.|||Fuentes de datos y métodos de recolección. Utilización de APIs y herramientas de uso específico.
Extracción y representación de datos textuales. Extracción de datos de las redes sociales. Captura de
información de la web. Web scraping y web crawling. Librerías y frameworks específicos. Evaluación de
calidad de datos. Técnicas de limpieza y preprocesamiento de datos. Integración y transformación de datos.|||Modelos predictivos y descriptivos en aprendizaje automático para extracción de patrones y generación de
insights. Algoritmos clave para el desarrollo de modelos de clasificación, regresión y agrupamiento.
Evaluación y validación de modelos mediante métricas de rendimiento específicas. Interpretación de
resultados para la toma de decisiones fundamentadas en datos.|||Principios de MLOps para la gestión, despliegue y monitoreo de modelos en producción. Gestión de
versiones y actualización continua de modelos en sistemas productivos. Integración con sistemas
preexistentes mediante APIs y arquitectura de microservicios. Estrategias para implementar y desplegar
modelos en entornos de producción compatibles con sistemas empresariales. Monitoreo y mantenimiento
de productos basados en datos: escalabilidad, integridad de datos y actualizaciones automáticas.|||Estructura narrativa en data storytelling: introducción, insights clave, conclusiones. Selección y diseño de
gráficos para audiencias específicas: gráficos comparativos, secuenciales y de relación. Herramientas
avanzadas de visualización: gráficos interactivos, mapas de calor, análisis de redes. Datos complejos y
grandes volúmenes de datos. Creación de dashboards interactivos para sintetizar y comunicar insights de
manera dinámica. Principios de diseño efectivo para audiencias no técnicas: simplificación, relevancia y
contexto. Comunicación de hallazgos complejos.|||","En esta etapa, los estudiantes identificarán un problema específico que pueda abordarse con técnicas de
ciencia de datos. El problema debe estar relacionado con la vida real y debe ser claramente definido. Se
espera que presenten una propuesta inicial que incluya una descripción del problema, los objetivos, los
datos necesarios y las necesidades que se pretenden abordar de acuerdo al entregable de CRISP-DM.|||Los estudiantes recopilarán conjuntos de datos relevantes y los dotarán de calidad en función de las
características necesarias para su análisis.|||En esta etapa, los cursantes aplicarán las herramientas y técnicas apropiadas de ciencia de datos para
analizar los datos y entrenar modelos que ayuden a resolver el problema identificado, justificando la
elección de algoritmos y métodos. Al mismo tiempo, aplicarán conocimientos de MLOps para desplegar En esta etapa, los cursantes aplicarán las herramientas y técnicas apropiadas de ciencia de datos para
analizar los datos y entrenar modelos que ayuden a resolver el problema identificado, justificando la
elección de algoritmos y métodos. Al mismo tiempo, aplicarán conocimientos de MLOps para desplegar estas soluciones en un entorno productivo (controlado)."
73.89,Introducción a Blockchain y Criptomonedas,https://drive.google.com/file/d/1Tk9lAA2mlLqZkj3eRa3XLucD7hcYYxmL/view?usp=drivesdk,"Conceptos de Blockchain. Mecanismos de consenso. Seguridad y escalabilidad de Blockchain. Utilización en billeteras digitales y transacciones. Gobernanza descentralizada, privacidad y regulaciones. Programación en Solidity. Creación de contratos inteligentes. Ecosistema de Blockchain.","Que los estudiantes se introduzcan en los fundamentos teóricos y técnicos del ecosistema blockchain, incluyendo Bitcoin, Ethereum y sus principales mecanismos de consenso.

Analizar las problemáticas de escalabilidad en blockchain y las soluciones propuestas, como las capas 2 (L2s).

Comprender el funcionamiento y propósito de tecnologías como NFTs, bridges, AMMs, lending, y demás componentes del ecosistema DeFi.

Poner en práctica conocimientos adquiridos mediante la programación de contratos inteligentes en Solidity.

Adquirir una mirada crítica sobre la seguridad, usabilidad y aplicación real de las tecnologías descentralizadas.",Construyamos una Blockchain|||Usemos la Blockchain|||Solidity,"Este bloque introduce los fundamentos de las tecnologías blockchain desde una perspectiva conceptual. A partir de preguntas guía como “¿Por qué es necesario?” y “¿Cómo nos ponemos de acuerdo?”, se abordan temas como el dinero digital, propiedad, redes descentralizadas, protocolos de consenso, forks y estructuras básicas de red como UTXO y cuentas. Se analizan Ethereum y Bitcoin como casos concretos, y se introducen las billeteras digitales y el trilema de la escalabilidad.|||En esta etapa se exploran las aplicaciones prácticas del ecosistema blockchain. Se abordan temas como tokens (ERC20, NFTs), stablecoins, protocolos DeFi, exchanges descentralizados (DEX) y centralizados (CEFI), oráculos, lending y bridges. También se trabaja con invitados que aportan experiencia directa sobre DAOs y DEX. Este bloque permite al estudiante comprender el uso real de la tecnología y sus implicancias técnicas, económicas y sociales.|||El último bloque se centra en la programación de contratos inteligentes utilizando Solidity, el lenguaje principal de Ethereum. A lo largo de tres clases prácticas, el docente desarrolla junto a los estudiantes diferentes componentes funcionales, como tokens y validaciones básicas, guiando la implementación y explicando aspectos clave de seguridad.","La actividad consiste en el desarrollo conjunto, entre el docente y los estudiantes, de una aplicación descentralizada (dApp) en modalidad de laboratorio, de forma presencial, a lo largo de tres clases prácticas consecutivas. Durante estas clases, se programa un contrato inteligente utilizando Solidity y Hardhat, abordando conceptos como tokens ERC20/ERC721, funciones básicas y medidas de seguridad. No se requiere entrega formal ni desarrollo de interfaz web, ya que el foco está en la comprensión y aplicación guiada del código. El docente lidera el proceso, explica cada etapa del desarrollo, responde dudas en tiempo real y promueve la participación activa para afianzar los conocimientos adquiridos.|||"
73.98,Desarrollo Integral de Videojuegos,,,,,,
81.13,Futuros Posibles,https://drive.google.com/file/d/1ScXDuQcYIrzulDwu_a2Mk7FERR91qeS9/view?usp=drivesdk,"?Detección de señales de futuro.
? Construcción de escenarios futuros, para trabajar en la visión estratégica de las organizaciones.
? Técnica de backcasting storytelling para generar narrativas poderosas sobre el futuro deseado/preferido, que generen impacto.
? Técnicas de exploración, ideación y prototipado de artefactos del futuro que permitan experimentar esos futuros en el presente.
? Desarrollo de skillfutures tales como: pensamiento crítico y disruptivo, comunicación creativa, pensamiento anticipatorio e inteligencia colectiva 
? Liderazgo","El objetivo principal de la materia de Futuros Posibles es aprender a pensar como un futurista y aplicar esta nueva forma de pensar para generar procesos de cambios, transformación y disrupción; apoyándose y valiéndose de herramientas y técnicas propias de la disciplina, tales como: 

	• Detección de señales de futuro.
	• Construcción de escenarios futuros, para explorar alternativas de futuro.
	• Técnica de Backcasting Storytelling para generar narrativas poderosas y transformadoras sobre el futuro deseado/preferido, que generen impacto. 
	• Técnicas de exploración y prototipado de artefactos del futuro que permitan experimentar esos futuros en el presente.

Además, trabajaremos en el fortalecimiento de algunas competencias clave como: pensamiento crítico, comunicación creativa, pensamiento anticipatorio y trabajo colaborativo.

Los objetivos específicos de la materia son: 
	• Comprender los principales desafíos del futuro para liderar la transformación desde el presente.
	• Obtener herramientas para pensar en clave de futuro.
	• Brindar herramientas creativas para desarrollar pensamiento crítico y disruptivo.
	• Explorar y co-diseñar imaginarios de futuros posibles.
	• Prototipar objetos del futuro.
	• Incorporar el Pensamiento de Futuro como estrategia de transformación.
	• Co-crear y colaborar como forma de crear conocimiento nuevo.",Contenido de Futuros Posibles|||MOMENTO PENSAR|||MOMENTO IMAGINAR|||MOMENTO CO-CREAR,"El contenido de la materia se desarrolla a partir del Modelo de Exploración y Diseño de Futuros PIC: Momento Pensar, Momento Imaginar y Momento Co-crear. Este modelo se gestiona durante cinco (5) encuentros presenciales. |||“Pensar Futuros” implica comenzar a abrazar la incertidumbre a través del desarrollo de una “inteligencia de futuro” que nos permita identificar las dinámicas que están dando forma al futuro. Para ello, nos adentraremos en el abordaje del Future Thinking y la disciplina de los Estudios de Futuro, que nos aportarán un mapa de navegación para la exploración y diseño de futuros. 
Todo esto nos servirá para aprender a detectar Señales de Futuro ¡Muy valiosas para un future thinker y con las cuales nos iremos a futurizar!!
El momento “Pensar Futuros” se desarrolla durante los encuentros presenciales 1 y 2. 
Encuentro 1: Introducción al Pensamiento de Futuro
➔	Qué es el Pensamiento de Futuro 
➔	¿Qué hace un futurista?
➔	Futuribles: Futuros Posibles
➔	Herramienta: Cono de Futuros
Encuentro 2: Inteligencia de Futuros
➔	Herramienta: Triángulo de Futuros 
➔	Identificación de Señales de Futuro
➔	Herramienta: Radar de Futuros
|||En este segundo momento, buscaremos despertar tu creatividad para romper con los modelos de pensamiento lineal para imaginar y diseñar futuros posibles. ¡Es en la exploración de esta multiplicidad donde la innovación, la disrupción juegan un rol central, y donde lo que hoy creemos imposible, puede ser posible!
Aquí trabajaremos en un proceso de futurización donde aprenderás a construir escenarios de futuro y relatos poderosos que nos muestren nuevos mundos posibles. ¡Este es el objetivo central del Pensamiento de Futuro! Para ello combinaremos técnicas del mundo del cine y la narrativa que nos permitan dar vida a esos futuros. 
El momento “Imaginar Futuros Posibles” se desarrolla durante el encuentro 3. 

Encuentro 3: Imaginar Futuros Posibles 
➔	Abordar el futuro con creatividad.
➔	Neurociencia-ficción: Especulación y creatividad para imaginar futuros ""absurdos"".
➔	Futurización cómo clave para imaginar alternativas de futuro.
➔	¿Qué son los escenarios de futuro y cómo construirlos? 
➔	Herramienta: Escenarios de Futuro
|||¡Aquí nos focalizamos en traer el futuro deseado al presente para construirlo colectiva y co-creativamente! El objetivo de este último momento es traducir las ideas e imágenes del futuro en experiencias tangibles a través de la creación de prototipos - objetos u artefactos del futuro- que nos permitan experimentar con esos futuros en el mundo real.
El momento de “Diseño y Pensamiento de futuro” se desarrolla durante el encuentro 4. 

Encuentro 4: Diseño y Pensamiento de Futuro
➔	Identificación de objetos del futuro deseado
➔	Elección de un artefacto u objeto para desarrollar: prototipado
➔	Definición de posibles soluciones para el desafío a partir del uso del prototipo

Finalmente, el encuentro 5 nos permite conocer la producción de las actividades prácticas de cada equipo y el feedback colectivo. 

Encuentro 5: Exposición de trabajos 
➔	Socialización de trabajos grupales o individuales
➔	Call to action
➔	Cierre de cursada","1. Encuentros presenciales. Cada encuentro tiene duración de tres (3) horas; desarrollado en dos (2) bloques, con intervalo en el medio de 15/20 minutos. El primer bloque comprende exposición teórica de los docentes y el segundo bloque se destina a las actividades prácticas. El objetivo es que en el aula se gestione la mayor cantidad de actividad práctica en el diseño y construcción del trabajo final por equipos y/o individual.  
2. Diseño y construcción de un (1) único trabajo final que comprende el diseño y construcción del modelo PIC: Pensar, imaginar y co-crear y, un workshop. 
3. Lectura de la bibliografía obligatoria, previo a cada encuentro.
4. Búsqueda y lecturas de calidad específicas como apoyo a los temas elegidos por cada equipo de trabajo. Esta actividad se desarrolla entre alumnos y docentes. 
5. Disposición del material en el campus institucional (programa, planning, bibliografía, videos, etc), distribuido por encuentros y los espacios para consultas durante el desarrollo del curso, envío de material extra de los docentes (acorde a los temas elegidos por los equipos), entrega y retroalimentación del trabajo final."
81.14,Product Management,https://drive.google.com/file/d/1So4hTg8TtAWCO4vK09cgrncxY0Cd_aNE/view?usp=drivesdk,"Introducción al Product Management. Rol del PM y Metodologías: Según diferentes marcos (SAFe, Scrum, Less, otros) Strategically Understanding a Company - Estratégica. Oportunidades y Validación de Hipótesis. Ejecución, Roadmap y Métricas. Trabajando con Diseño - UX, UI, Encuestas, Feedback. Trabajando con Ingeniería - Introducción. Lanzamiento de Producto. Design Thinking. Ciclo de Product-Development Life Cycle. Agile & Scrum- Product Books: Jobs to Be Done.","Esperamos que a través de los contenidos y las prácticas a lo largo del cuatrimestre los alumnos sean capaces de:
1. Entender al cliente, y personas usuarias.  
2. Conceptualizar un problema, desafío y dimensionar una oportunidad.
3. Diseñar soluciones prácticas. 
4. Ejecutar y medir soluciones.","Los contenidos serán compartidos con la siguiente estructura, buscando reflejar el ciclo de vida de un producto o servicio creado desde cero, como también un feature agregado a un producto existente.","1. Intro a Product Mgmt: 
Compartimos lineamientos de la materia, métodos de evaluación, ambición de trabajo, bibliografía y compromisos compartidos. 
Presentamos que es product Management. De dónde viene. Contexto de la disciplina y su rol actual.
2. Analizar y Dimensionar Oportunidades y Problemas 
Presentamos metodología de sizing para tomar perspectiva y dimensionamiento, asegurándonos de que invertir el tiempo en los problemas que más importan. 
Presentamos herramientas de dimensionamiento de mercado: TAM, SAM & SOM .
Presentamos herramientas de conceptualización y comunicación top-down para facilitar discusiones y colaboración en equipo. 
3. Aprender a Medir e iterar. Investigación. Research 101
Presentamos herramientas de comunicación de hipótesis, métricas, flujos, procesos y resultados, con sus respectivos templates, trabajaremos con expertos en la temática.  Lean UX.
4. Who’s your customer: interviews, polls y tests 
Presentamos herramientas para aprender de nuestros clientes en forma directa o agregada (customer discovery, polls, forms, surveys, research). Prácticas de research cuali y cuanti.
5. Jobs to be done.  Insights.
Presentamos herramientas de conceptualización de problemas y soluciones, asegurándonos alineamiento al usuario y simplicidad en la colaboración. 
6. Plantear ideas y alternativas (MVPs & Product Market-Fit) 
Presentamos herramientas de customer discovery centradas en pilares de productos exitosos: deseabilidad, usabilidad, factibilidad y viabilidad. 
7. Value proposition. Customer + Oportunidades
Contraste de framework con framework de Osterwalder “Canvas”.
Presentamos herramienta de Jobs to be Done 
 8. Product Discovery. Casos y técnicas.
Presentamos  el approach de Dual Track. para balancear product discovery y product delivery. Introducción de técnicas de validación de demanda y pre lanzamiento. 

9. Features & Capabilities. Brainstorming.
Presentación y casos prácticos de frameworks de priorización y backlog management. (MoSCoW, RICE, Kano).
10. Epic & Users story.
Presentamos la herramienta Story mapping y Slicing,  para Utilizar y aprender a partir features en historias de usuario accionables.
11. Product launch: test, iterate & Scale. 
Presentar casos de estrategias de rollout, definir un plan de rollout, testearlo iterar y escalar. Cover real-world rollout strategies.


12. Product roadmap and prioritization. 
Presentamos que es un roadmap y para que sirve, cómo se gestiona. Debate del proceso de priorización y visibilidad de un roadmap. Visibilidad de las diferentes etapas del ciclo de vida del producto. Comparar B2B vs. B2C roadmaps. 
13. Product Team: Skills y cómo crear un extraordinario equipo de Producto 
Presentamos diferentes topologías de equipos de producto que sirvan a la maduración del producto y al tamaño, composición y estrategia de la compañía.  
14. ¿Tienes una entrevista, ahora? 
Hicimos una simulación de entrevista para ingresar a una compañía de tecnología o consultoría, presentando herramientas para responder a los casos típicos de evaluación. 
15. Product Ecosystems, Platforms y Internationalization 
Mostramos diferentes estrategias de productos. 
16. Proyecto Final 
Mostramos cómo armar un pitch, los lineamientos básicos y recomendaciones para que lo apliquen en su proyecto final.  
Realizamos un proyecto final integrador (nota de examen final con presentación oral y conceptualización en deck basada en al menos 5 herramientas presentadas en clase) donde los alumnos pueden elegir un problema que les apasione y atravesar todo el proceso de customer discovery, product discovery y product delivery.. Deben estudiar el mercado, validar sus hipótesis, hablar con clientes, preparar prototipos y presentarlo como si fuera un pitch de una startup o de un proyecto dentro de una empresa","A partir de un problema elegido por cada equipo (o propuesto por la cátedra), los estudiantes deben:
– definir el problema en una frase clara (top-down)
– calcular TAM, SAM y SOM utilizando datos públicos
– estimar el impacto potencial si el producto resuelve el problema
– presentar el análisis en una hoja de cálculo (como indica la materia en el programa)
Objetivo: aprender a dimensionar correctamente un problema antes de proponer soluciones.|||Los estudiantes deben realizar al menos:
– 3 entrevistas a usuarios reales siguiendo un guion validado en clase
– 1 encuesta corta para validar hipótesis iniciales
Luego deben sintetizar insights, pains, gains y comportamientos reales.
Objetivo: desarrollar habilidades prácticas de escucha, observación y análisis de usuarios.|||A partir de los insights del punto anterior:
– redactar 3–5 User Stories claras
– hacer un brainstorming de soluciones usando criterios de deseabilidad, viabilidad, factibilidad y usabilidad
– priorizar ideas usando un método simple (RICE o MoSCoW)
Objetivo: traducir hallazgos del usuario en especificaciones de producto.|||Los estudiantes deben diseñar un MVP funcional mínimo que permita validar hipótesis con baja inversión, incluyendo:
– problema
– JTBD
– hipótesis
– experimento
– criterio de éxito
Objetivo: comprender cómo se valida un producto antes de construirlo.|||Cada equipo debe mapear un funnel simple (adquisición → activación → retención → referral → revenue) y proponer experimentos concretos para mejorar cada etapa.
Pueden incluir:
– test A/B propuesto
– estrategia orgánica y paga
– métrica clave de cada fase
Objetivo: conectar producto con crecimiento sostenible|||Los estudiantes deben construir un roadmap trimestral de 3 meses con:
– objetivos
– features
– dependencias
– criterios de priorización
Objetivo: practicar cómo se comunica una estrategia de producto."
81.16,Negociación,https://drive.google.com/file/d/1yIsclYd71BNW3SbvL1kfjCDSV_dd-9UU/view?usp=drivesdk,Ejercicios de técnicas de negociación.,"Los objetivos de la materia, serán que el participante aprenda a negociar mejor, a partir de una actividad en la que evalúe sus fortalezas y debilidades en este campo, en una gama variada de tipos de conflicto: negociaciones internas a la empresa, externas con clientes y proveedores, en grupo, cooperativas, competitivas, etc. Otro objetivo es que cada alumno se lleve un plan de mejora como negociador, para aplicar en su ámbito personal y en su próximo ámbito laboral.","*Negociaciones competitivas y cooperativas 
*Negociaciones internas dentro de la empresa y externas con proveedores y clientes.
*Los principios clave a la hora de negociar 
*La preparación necesaria a la hora de negociar
*Paradigmas y preconceptos a la hora de negociar
*Cómo reconocer el poder propio y de la contraparte a la hora de negociar",,
81.57,Arquitectura de soluciones digitales,https://drive.google.com/file/d/1-_uazjDu_m0jxN84_tOENsqtDPLbtHdS/view?usp=drivesdk,Diseño conceptual de arquitecturas. Diseño técnico de Arquitecturas. Diseño de Arquitectura Tecnológica. Adopción y Proceso de Entrega Continua (CI/CD).,"Se espera que los alumnos sean capaces de:
Entender las problemáticas de negocio y cómo la tecnología permite escalarlos
Entender los conceptos de Arquitectura de Soluciones Digitales, desde lo conceptual como lo técnico
Conocer y distinguir las herramientas que permitan entender las diferentes Arquitecturas 
Entender las diferentes estrategias de adopción de mecanismos de entrega continua en organizaciones tradicionales como startups.",Unidad I: Diseño Conceptual de Arquitecturas|||Unidad 2: Diseño Técnico de Arquitecturas|||Unidad 3: Diseño de Arquitectura Tecnológica|||Unidad 4 - Entrega Continua,"Definición de Arquitectura de Software, Tipos de Arquitecturas, Atributos de Calidad, Principios Diseño|||Organización en componentes de interfaz, negocio, persistencia e Integración. API as product, Microservicios + MCP (Model Context Protocol)|||Infraestructura, Virtualización y Containers
Kubernetes
Cloud Computing|||CI/CD, SRE, Modelos Operativos",Comprender en la practica el Diseño de Arquitectura Conceptual|||Analizar y diseñar la Arquitectura Técnica|||Crear y evaluar el Diseño de la Arquitectura Tecnológica
81.74,Introducción a la realidad aumentada,https://drive.google.com/file/d/1rZqDHY1lheH0HhoHpFzQaRo7hzzRZouu/view?usp=drivesdk,"Fundamentos de la realidad aumentada (AR) y cómo crear una experiencia AR usando ARCore. Cómo identificar diferentes tipos de experiencias AR.  Herramientas y plataformas utilizadas en el panorama AR. Casos de uso populares para AR. Cómo crear un flujo de uso de AR.  Cómo funcionan las experiencias AR. Herramientas como Google Poly y Unity para crear experiencias AR

Curso autodirigido https://www.coursera.org/learn/ar",Conocer y aplicar las bases de la Realidad Aumentada y como impacta los modelos de negocio.,Modulo 1|||Modulo 2|||Modulo 3|||Modulo 4|||Modulo de Cierre,"Qué es la realidad Aumentada? De qué hablamos cuando hablamos de Realidad Aumentada?
|||Historia de la Realidad Aumentada. Cuáles son los antecedentes históricos de la Realidad Aumentada hasta la actualidad?|||Hardware y software Cuáles son los requerimientos para desarrollar una experiencia de Realidad Aumentada?
|||Realidad Aumentada: usos y Aplicaciones: Cómo se está aplicando la Realidad Aumentada en diferentes ámbitos de la actividad humana?|||Actividad de Aplicación",Al cierre de cada modulo se desarrolla una actividad para que el alumno demuestre lo aprendido|||Debates orientados a desarrollar la relación entre los estudiantes|||
81.94,Experiencia Inmersiva de Innovación Tecnológica,,,,,,
82.08,Cloud Computing,https://drive.google.com/file/d/1WlfJbgZCTNFU97p19JezVEpAOKia4rpM/view?usp=drivesdk,"Introducción: conceptos de infraestructura de TI, modelos de negocio para la entrega de aplicaciones informáticas (inversión vs. Consumo). Anatomía de la Cloud: modelos de entrega IaaS, PaaS, SaaS. IaaS: virtualización, containers, almacenamiento en la nube. PaaS: conceptos, funcionalidad ofrecida en este nivel. SaaS: conceptos y aplicaciones, modelos económicos para la entrega de aplicaciones como servicio. Estándares de arquitectura cloud (Openstack, CloudFoundry). Análisis de la oferta de servicios cloud en el mercado.","Se espera que los alumnos logren en esta materia la adquisición de herramientas teórico prácticas para la definición, creación y administración de arquitecturas tecnológicas de referencia, escalables y basados en arquitecturas probadas, de forma de que los alumnos puedan ser referentes tecnológicos en los entornos en los cuales se desempeñen. Se espera que los alumnos desarrollen un espíritu crítico sobre decisiones arquitectónicas de productos digitales actuales de manera de entender a fondo las distintas propuestas de los proveedores de Cloud Computing.

Se espera que al finalizar este curso, los estudiantes puedan:
? Analizar cómo la adopción de la nube transforma la manera en que funcionan los sistemas de TI
? Identificar los beneficios de la informática en la nube
? Analizar cómo diseñar sistemas seguros, fiables, de alto desempeño y rentables
? Identificar los principios que deben tenerse en cuenta al migrar a la nube o al diseñar nuevas aplicaciones para esta
? Identificar los patrones de diseño y las opciones de arquitectura que se aplican en una variedad de casos de uso
? Definir la alta disponibilidad, la tolerancia a errores y la escalabilidad
? Analizar cómo evitar los puntos únicos de error (SPF)
? Analizar por qué el balanceo de carga es un componente clave de la arquitectura para las aplicaciones cloud-native
? Identificar los beneficios de la infraestructura cómo código (IaC) y crear recursos de aprovisionamiento mediante diversas herramientas
? Identificar de qué manera el Marco de Buena Arquitectura mejora las arquitecturas basadas en la nube
? Identificar cómo proteger los datos en cada capa de la aplicación
? Evaluar cuáles son las métricas de rendimiento más importantes para sus aplicaciones
? Analizar las prácticas recomendadas para eliminar costos innecesarios o recursos subóptimos","Módulo 1 -  Bienvenida a Cloud Architecting|||Módulo 2 -  Introducción a Networking|||Módulo 3 - Incorporación de una capa de cómputo
|||Módulo 4 - Cómputo sin servidor|||Módulo 5 - Incorporación de una capa de almacenamiento
|||Módulo 6 - Incorporación de una capa de base de datos|||Módulo 7 - Cómputo con contenedores
|||Módulo 8 - Automatización de la arquitectura
|||Módulo 9 - Conexión de redes y almacenamiento de contenido en caché|||Módulo 10- Implementación de elasticidad, monitoreo y alta disponibilidad|||Módulo 11 - Protección del acceso de los usuarios y las aplicaciones|||Módulo 12 - Creación de arquitecturas desacopladas|||Módulo 13 - Plan de desastres","Identificar los requisitos previos y los objetivos del curso
Indicar el rol de los arquitectos en la nube
Brindar nociones básicas e importancia de la nube.|||Definir cómo diseñar la capa de networking de una arquitectura altamente disponible.  
Explicar las prácticas recomendadas para crear soluciones en la nube
Describir cómo tomar decisiones fundamentadas acerca de dónde colocar los recursos de la nube
Explicar el rol básico de una VPC en la red de la nube
Identificar cómo conectar su entorno de red de de la nube hacia Internet
Describir cómo aislar los recursos dentro de un entorno de red de la nube
Crear una VPC con subredes, una gateway de Internet, tablas de enrutamiento y un grupo de seguridad|||Explicar qué es y para qué sirve una instancia virtual
                    Diferenciar entre los tipos de instancias virtuales
Reconocer cómo configurar instancias con datos del usuario
Describir las opciones de precios de instancias
Determinar el grupo de ubicación teniendo en cuenta la arquitectura
Lanzar una instancia|||Explicar qué es la computación serverless y el cómputo como servicio.
Definir sus limitaciones y casos de uso
Herramientas que permiten integrar este tipo de cómputo a nuestra arquitectura.
Explicar la arquitectura sin servidor
Implementar una arquitectura sin servidor con funciones
Describir una arquitectura común para un API Gateway
Describir los tipos de flujos de trabajo que admite un orquestador de microservicios|||Reconocer los problemas que el blob/object storage puede solucionar
Describir cómo almacenar contenido de manera eficiente en storage
Reconocer las distintas clases de almacenamiento y consideraciones de costos de storage
Describir cómo trasladar datos desde y hacia un storage en la nube
Crear un sitio web estático|||Comparar tipos de bases de datos
Diferenciar entre servicios administrados y no administrados
Explicar cuándo usar una base de datos relacional
Explicar cuándo usar una base de datos no-relacional
Describir los controles de seguridad disponibles
Describir cómo migrar datos a bases de datos en la nube
Implementar un servidor de base de datos|||Explicar qué es un contenedor, dónde se almacena y qué beneficios tiene.
Explicar cómo se usan los contenedores en la industria.
Mostrar de qué manera pueden implementarse en la nube.
Definir sus limitaciones y casos de uso.
Contrastar diferencias entre los distintos tipos de cómputo visto hasta la fecha.
Herramientas que permiten integrar este tipo de cómputo a nuestra arquitectura.|||Entender los motivos de la automatización y reconocer cuándo se debe implementar automatización y por qué
Identificar cómo modelar, crear y administrar una recopilación de recursos de infraestructura
Indicar cómo utilizar Terraform para la automatización de la infraestructura y la implementación|||Describir cómo conectar una red en las instalaciones a la nube
Describir cómo conectar las VPC en la nube
Conectar las VPC en la nube mediante la interconexión de VPC
Describir cómo escalar las VPC en la nube
Describir cómo conectar las VPC a servicios compatibles
Reconocer cómo el almacenamiento de contenido en caché puede mejorar el rendimiento de las aplicaciones y reducir la latencia
Saber cómo diseñar arquitecturas que utilicen ubicaciones perimetrales para la distribución y la protección contra ataques de denegación de servicio distribuidos (DDoS)
Crear arquitecturas que utilicen CDN para almacenar el contenido en caché
Reconocer cómo se relaciona la administración de sesiones con el almacenamiento en caché
Describir cómo diseñar arquitecturas que utilicen caché|||Utilizar un Auto Scaling Group dentro de una arquitectura para fomentar la elasticidad
Explicar cómo escalar los recursos de las bases de datos
Implementar un balanceador de carga de aplicaciones para crear un entorno de alta disponibilidad
Utilizar servicios para la conmutación por error de sistemas de nombres de dominio (DNS).
Crear un entorno de alta disponibilidad
Diseñar arquitecturas que permitan monitorear los recursos y reaccionar en consecuencia|||Explicar el objetivo de los usuarios, los grupos y los roles de IAM
Describir cómo se permite la federación de usuarios dentro de una arquitectura para mejorar la seguridad
Reconocer cómo las políticas de control de servicios (SCP) potencian la seguridad dentro de una arquitectura
Describir cómo administrar varias cuentas en la nube
Configurar usuarios de IAM|||Diferenciar entre arquitecturas de acoplamiento ajustado y de bajo acoplamiento
Identificar cómo funcionan las colas del estilo pull-based y cuándo utilizarlas.
Mostrar la implementación particular de AWS de un servicio de colas, SQS, con sus particularidades y limitaciones.
Identificar cómo funcionan los tópicos del estilo pull-based y cuándo utilizarlas.
Mostrar la implementación particular de AWS de un servicio de tópicos, SNS, con sus particularidades y limitaciones.|||Identificar estrategias orientadas a la planificación para desastres
Definir el objetivo de punto de recuperación (RPO) y el objetivo de tiempo de recuperación (RTO)
Describir cuatro patrones comunes para generar copias de seguridad y realizar la recuperación de desastres, además de aprender a implementarlos
Utilizar almacenamientos híbridos para soluciones de copia de seguridad de las instalaciones a la nube","Configuración básica de redes y subredes en la nube|||Configuración de una instancia virtual de cómputo en la nube, conexión SSH y configuración de un servidor HTTP.|||Configuración de funciones Lambda junto con un API Gateway para exponerlas.|||Configuración de un File System en AWS, uso de Block Storage y  creación de un Bucket analizando sus posibles configuraciones.|||Configuración de instancias de bases de datos RDS, Aurora y DynamoDB, junto con el análisis de sus patrones de acceso|||Configuración de una instancia de ECS, para desplegar Containers en AWS junto con un ECR para almacenar las imágenes de los mismos.|||Práctica sobre Terraform, creación de módulos y uso de sus componentes"
82.18,Procesamiento del Lenguaje Natural,https://drive.google.com/file/d/1uFfR4-6q_YCcgbKZjIC9VxN3309na6yO/view?usp=drivesdk,"Introducción al NLP, Técnicas de procesamiento y preparación de textos, modelos de lenguaje, clasificación de textos, tecnologías para el procesamiento de lenguaje natural, aplicaciones típicas.","Se espera que en esta materia los alumnos logren: 
- Tomar conciencia de los distintos tipos de datos de texto disponibles y su posible aprovechamiento 
- Adquirir herramientas para analizar, procesar y extraer información pertinente de estos textos. 
- Desarrollar la capacidad de formular preguntas relevantes que se puedan abordar con técnicas de PLN 
- Aprender una base de conocimiento para profundizar, con un espíritu crítico, en temas avanzados y en nuevas herramientas por su cuenta",Obtención y normalización de texto |||Embeddings y asociaciones semánticas|||Introducción a redes neuronales|||Topic Modelling|||Language Models|||Transformers|||Transfer Learning y pretraining|||Encoder-Decoder NNs y Machine Translation|||Sesgos y NLP,"Normalización y análisis exploratorio de texto. Tokenización. |||Pointwise mutual information. Word embeddings estáticos. Medición de similitud semántica. Aplicaciones en ciencias sociales computacionales.|||Modelos de lenguaje ngram. Redes feedforward. Entrenamiento de redes neuronales. Intro a Pytorch|||Clustering. Latent Dirichlet Allocation. Otros modelos de soft clustering. Aplicaciones|||Perplexity. Window-based FFNNs con embeddings. Modelos de N-gramas|||Self-attention, Transformer block,Multihead attention, Position embeddings, Entrenamiento paralelizable|||Paradigma pretrain LM (self-supervised learning) + fine-tune, BERT, Embeddings contextualizados, Evaluación de LLMs, Introducción a in-context learning con modelos multitask/generalistas como GPT3> (zero-few shot vs fine-tuning)|||Arquitectura encoder-decoder, Evaluación de MT: humana vs automática.|||Sesgos de representación en sistemas de NLP, Estudio de sesgos en los textos (computational social science)","Se presenta teóricamente un tema haciendo especial hincapié en su utilidad práctica, es decir, qué tipo de problemas este viene a resolver|||Luego de presentado el tema teóricamente el mismo puede ser puesto en práctica con un ejercicio o un caso de la vida real en código Python. Los alumnos pueden seguir el código o bien replicar el mismo en sus propias computadoras. |||"
82.21,Factibilidad de Proyectos Data Driven,https://drive.google.com/file/d/1cYnIdUr598EN8NYVbG6KZYD3OO30Bzoq/view?usp=drivesdk,"La materia aborda el ciclo completo de un proyecto basado en datos aplicado a un caso real de negocio. Se incluyen los conceptos fundamentales para comprender, diseñar y evaluar soluciones basadas en datos.","Comprender y analizar un problema de negocio real, identificando sus componentes clave, su contexto organizacional y las necesidades específicas. 
Evaluar la disponibilidad, calidad y relevancia de los datos, aplicando criterios técnicos para determinar su utilidad en la resolución de un problema. 
Desarrollar el análisis de factibilidad técnica, legal y económica, considerando restricciones, recursos y riesgos propios de un contexto organizacional. 
Diseñar una propuesta de solución basada en datos, seleccionando enfoques metodológicos, modelos o herramientas adecuadas según los objetivos y limitaciones. 
Definir los requerimientos de infraestructura tecnológica necesarios para la implementación (go-live), incorporando criterios de escalabilidad, seguridad y eficiencia operativa. 
Gestionar un proyecto de datos en todas sus fases, distribución de responsabilidades y estrategias para lograr cumplimiento de hitos. 
Comunicar de manera clara, profesional y persuasiva, presentando el proyecto mediante documentación técnica, informe ejecutivo orientado a la toma de decisiones. 
Aplicar pensamiento crítico y criterio profesional, justificando decisiones técnicas y estratégicas en un contexto de proyecto de datos.","Unidad 1: 
Problemas de negocio y marco general de un proyecto de datos |||Unidad 2: 
Datos: fuentes y preparación calidad, legalidad |||Unidad 3: 
Factibilidad y diseño de la solución |||Unidad 4: 
Gestión del 
proyecto y comunicación profesional 
|||","Rol estratégico de los datos en la toma de decisiones. 
Identificación y formulación del problema de negocio. 
Análisis del contexto organizacional: objetivos, procesos, stakeholders y restricciones. Presentación del caso real a trabajar durante la cursada. 
Marco general del proyecto (conceptual): 
Ciclo de vida de un proyecto basado en datos. 
Backlog: propósito, estructura general y su función en proyectos reales. 
PoC vs. MVP vs. Solución final: Diferencias, objetivos y relación con el negocio. 
Importancia para reducir riesgos y costos. 
Metodología y artefactos: Enfoques de gestión de proyectos: ágil, híbrido y tradicional. |||Tipos de datos y fuentes (internas, externas, estructuradas, no estructuradas). Evaluación de calidad de datos: completitud, consistencia, exactitud, actualidad, trazabilidad. Principios de gobernanza y aspectos legales del uso de datos (privacidad, compliance). Selección de datos relevantes para el caso real. 
Preparación de datos: criterios funcionales y técnicos. 

|||Factibilidad técnica: herramientas, infraestructura, integraciones y restricciones. Factibilidad económica: costos, beneficios, ROI, escenarios comparativos. 
Factibilidad legal y regulatoria aplicada al caso. 
Análisis de riesgos, dependencias y limitaciones del proyecto. 
Diseño de la solución según el problema (analítica descriptiva, predictiva, automatización, dashboarding, sistemas).
Requerimientos iniciales para la implementación (go-live). 

|||Construcción del backlog: Identificación de épicas, historias de usuario y criterios de aceptación. Priorización, dependencias. 
Diseño de PoC: objetivos, alcance mínimo, validaciones necesarias. 
Definición de MVP: funcionalidades esenciales, roadmap hacia la solución final. 
Planificación del proyecto: hitos, entregables, roles, responsabilidades y dinámica de trabajo en equipo. 
Comunicación profesional: 
Documentación técnica e informes ejecutivos. 
Estrategias de comunicación de resultados para distintos públicos. |||","Presentación de un documento que refleje el entendimiento integral del negocio y del caso específico seleccionado. El trabajo deberá incluir el análisis del contexto organizacional, los objetivos del negocio, los principales stakeholders involucrados y las restricciones identificadas. 
Asimismo, los estudiantes deberán presentar una visión general del proyecto basado en datos, explicitando el enfoque metodológico preliminar (ágil, híbrido o tradicional) y una primera conceptualización del backlog del proyecto. |||El informe deberá detallar las fuentes de datos disponibles para el caso, su origen y características, así como la evaluación de calidad, considerando criterios de completitud, consistencia, exactitud, actualidad y trazabilidad. Se deberán incluir consideraciones relacionadas con la gobernanza, la privacidad y los aspectos legales del uso de los datos en función del contexto del negocio. 
Finalmente, el equipo deberá justificar la selección de los datos que serán utilizados en el proyecto y describir los criterios funcionales y técnicos previstos para su preparación. |||Presentación de un documento que evalúe la factibilidad técnica, económica y legal del proyecto, contemplando herramientas, infraestructura, integraciones necesarias, costos, beneficios esperados y posibles escenarios comparativos. El informe deberá incluir análisis de riesgos, dependencias y limitaciones del proyecto, junto con alternativas de mitigación. 
Asimismo, se deberá presentar una propuesta de diseño de la solución basada en datos, justificando el tipo de enfoque seleccionado (analítica descriptiva, predictiva, automatización, dashboards u otros) y definiendo los requerimientos iniciales necesarios para su implementación y puesta en producción (go-live). |||Presentación ejecutiva del proyecto, acompañada por la documentación técnica correspondiente (entregables previos). El trabajo deberá incluir la construcción detallada del backlog del proyecto, con tareas o épicas, historias de usuario y criterios de aceptación (dependiendo de la metodología seleccionada), así como la definición del alcance de una PoC o un MVP y su relación con la solución final. 
Además, se deberá presentar un plan de trabajo detallado de acuerdo con la metodología seleccionada, incluyendo hitos, entregables, roles y responsabilidades del equipo. La presentación ejecutiva deberá comunicar de manera clara y efectiva el valor de la solución propuesta, adecuando el mensaje a distintos públicos. 
|||||||||||||||"
94.23,Formación General III,https://drive.google.com/file/d/1QZiztgthIfM7umjM0BuFXCAl-sBLRMXC/view?usp=drivesdk,"Primera parte: Introducción y alcances de la teoría. Su carácter científico y sistémico.
Segunda parte: Acerca de la capacidad humana o la naturaleza humana en el trabajo. La composición del sistema.
Tercera parte: Estructura organizativa de las Jerarquías de Respondibilidad Gerencial. Estructura y entorno del sistema.
Cuarta parte: Prácticas de liderazgo gerencial. Subsistemas o mecanismos vinculados con las relaciones entre personas.
Quinta parte: Puesta en práctica y conclusiones","•	comprender las relaciones funcionales que permiten la ejecución de la misión y visión de la organización
•	desarrollar una actitud crítica de esta dinámica en relación al entorno actual, el cual se presenta con variables múltiples, inciertas y ambiguas a la vez que representan un desafío de alta complejidad para la toma de decisiones.",Unidad 1. Introducción y marco teórico de la organización	|||Unidad 2. Estructura de las organizaciones|||Unidad 3. Componentes de las organizaciones|||Unidad 4. La Complejidad	|||Unidad 5. Modelos de Organizaciones|||Unidad 6. Mecanismos de las organizaciones|||Unidad 7. Estudio integral del caso,"Comienzos de la organización. La Organización Natural. Enfoque sistémico y científico. El trabajo y otras variables.|||Variables de la organización. Tiempo y rol. Nivel de trabajo e intervalo temporal. Estratos universales. Funciones en la organización. Organizaciones estratificadas.|||El tiempo y la capacidad humana. Maduración de la capacidad de la persona y desarrollo de la capacidad potencial.|||Complejidad de la información (contexto interno) Complejidad de los problemas (entorno)
|||Tipología de las organizaciones según su estratificación. La transformación del modelo organizacional no estratificada.|||Prácticas de la conducción. Relación entre roles. Responsabilidad y respondibilidad. Delegación de tareas. Confianza y valores. Compensación diferencial. Prácticas disfuncionales. Indicadores de gestión.|||Descripción y análisis crítico de un caso de organización real.","Los estudiantes divididos en grupos recibirán material audiovisual junto con una guía de preguntas referidas al objeto de análisis.
Deberán presentar en campus la producción grupal.
En clase se compartirá el trabajo grupal y se socializará el conocimiento en plenario|||Los estudiantes divididos en grupos recibirán material escrito junto con una guía de preguntas referidas al objeto de análisis.
Deberán presentar en campus la producción grupal.
En clase se compartirá el trabajo grupal y se socializará el conocimiento en plenario|||Los estudiantes divididos en grupos recibirán una guía para la recolección de ejemplos de casos reales referidos a las funciones organizacionales.
Deberán presentar en campus la producción grupal.
En clase en forma grupal, deberán analizar la información recolectada a la luz de otra guía provista por la cátedra.
La devolución de este trabajo será grupal a partir de una rubrica desarrollada por la cátedra.|||Los estudiantes divididos en grupos recibirán al inicio del cuatrimestre una guía con la orientación del TPC y un cuestionario guía para la investigación en campo.
Deberán identificar una empresa ejemplo para analizarla y al final del cuatrimestre presentar análisis crítico en formato escrito y oral.
Previo a la presentación final, los equipos tendrán pautadas presentaciones preliminares para tutoría por parte de los docentes de la cátedra."
94.26,Comunicación Organizacional,,,,,,
94.42,Comunicación Estratégica,https://drive.google.com/file/d/1h8LsKe-HsquLP9nwrB6TxyscSg5PVMWH/view?usp=drivesdk,"Preparación del Plan de Carrera: Marketing personal. Armado del CV. Entrevistas de selección. Entrevistas grupales (assessment). Fuentes de Búsqueda. 
Competencias conversacionales: clave de la productividad del trabajo sustentado en el poder de la palabra. Sistema de herramientas: su funcionalidad. Confianza, sistema, comportamiento.
Presentaciones orales y escritas eficaces: conceptos básicos de oratoria, soporte visual, comunicaciones escritas y  construcción de informes.
Equipos de trabajo. Dominio    personal. Modelos      mentales. Aprendizaje      en equipo. Resolución de conflictos. Campos de Entrenamiento. 
El Nuevo Enfoque de la Comunicación Organizacional: La Intracomunicación. Estrategias de Intracomunicación: apalancamiento,    acompañamiento,  acercamiento, facilitamiento y anclamiento. Guía del mix estratégico.","Se espera que los alumnos sean capaces de:
1. Comprender la importancia de gestionar la comunicación organizacional para mejorar la influencia recíproca Organización-Entorno

2. Adquirir herramientas para integrarse efectivamente en equipos de trabajo con la finalidad de analizar  problemáticas que atraviesan los contextos multiculturales.

3. Desarrollar habilidades y competencias conversacionales, generando mejores conversaciones en los ámbitos de desarrollo profesional y laboral.

4. Analizar e integrar recursos y herramientas de Comunicación Estratégica para la optimización de resultados en las Organizaciones.

5. Elaborar propuestas mejoradas y convertirse en “productores” de contenidos que aporten a las diferentes temáticas tratadas en la materia.",Eje temático 1: Competencias conversacionales|||Eje temático 2: Comunicación orientada al público externo|||Eje temático 3: Cultura y comunicación algorítmica|||Eje temático 4: Comunicación interna |||Eje temático 5: Interculturalidad en las organizaciones,"Relación entre Organización y Comunicación. La Productividad del trabajo sustentada en el poder de la palabra: de la tarea individual, de las tareas de coordinación, del trabajo reflexivo de aprendizaje. Comunicación verbal y no verbal. La confianza y las acciones del lenguaje. El carácter activo y generativo del lenguaje. Actos lingüísticos. Lenguaje inclusivo. Storytelling. Presentaciones orales efectivas.|||Identidad e Imagen de una organización. Confianza, imagen positiva y reputación con el público externo. Cultura organizacional. Relaciones institucionales. Gestión de Crisis|||Relaciones entre tecnología y el mundo del trabajo desde una mirada socio-comunicacional. Inteligencia Artificial. Redes sociales. Algoritmos.|||Nuevas tendencias: Comunicación 2.0. Comunicación co-creada. Estrategias de Intra-Comunicación: 1. Apalancamiento. 2.Acercamiento. 3.Acompañamiento. 4.Facilitamiento. 5.Anclamiento. Guía del Mix Estratégico Eje de comunicación. Palanca. Procurar. Evitar. El Plan de Intracomunicación: cómo objetivar, desarrollarlo, etapas y acciones.|||Culturas de alto y bajo contexto. Poder blando","Se trata de una actividad grupal.
Cada grupo deberá armar un podcast de diez minutos sobre la temática de la Comunicación y la confianza en las organizaciones, basándose en la bibliografía: “La empresa emergente” Los estudiantes contarán con un plazo de dos semanas. 
|||Se trata de una actividad grupal. Se redacta un texto que tenga como objetivo la comunicación de una idea para lograr la financiación de un servicio o producto. Se hará uso de las estrategias de Storytelling vistas en clase y la regla de las 4C. Cada equipo definirá el canal a utilizar, el público meta y contará con un lapso de dos semanas para la entrega.|||Se trata de una actividad grupal, que parte de una situación problemática en una empresa. Los estudiantes deberán proponer estrategias de resolución, a partir de los contenidos sobre Intracomunicación y cultura organizacional. Los estudiantes cuentan con un plazo de dos semanas"
94.52,Inglés II,https://drive.google.com/file/d/1qF8RT6ou6OeRZhZD09vmKEPleilzDISr/view?usp=drivesdk,"THEMES:
Vacations, opinions and reactions.
Likes and dislikes, preferences.
Habits, strengths and weaknesses.
Complaints.
Landmarks.
Good and bad news.
Needs.
Books.
Appointments and meetings.
Decisions.
Exceptions.
Telephone messages.
Plans and past experiences.
Interruptions.
Imaginary situations.
Products.
Favors and requests.
Shopping.
Frightening stories.
Apologies.
Conversation openers.
Reasons, excuses and permission.
Arrangements, obligation and prohibitions.
Injuries.
Requests and instructions.
Problems and advice. 
Concern, moods and feelings.
Warnings and advice.
Greetings, socializing.
Fantasies. 
Information and objections.
Food.
Identifications.
Regrets and judgements.
Possibilities, conclusions and reactions.
Excuses.

ACTIVITIES:
LISTEN TO:
opinions
intonation
habits
complaints
plans
decisions
people talking
stories, excuses, favors, advice.
Messages, wishes, locations.
Descriptions, regrets and phone messages.

READ:
historical texts
interviews
book jackets
articles
short stories

WRITE:
articles
letters
movie or book review
letter of complaint
response to a memo
directions.","Que el estudiante pueda 
• comprender las ideas principales de un texto complejo sobre temas tanto concretos como abstractos, incluidas las discusiones técnicas de su campo de especialización;
• interactuar con un grado de fluidez y espontaneidad que permitan una interacción regular con hablantes nativos sin inconvenientes para ninguna de las partes;
• producir textos claros y detallados sobre una amplia gama de temas y expresar un punto de vista sobre un tema de actualidad brindando las ventajas y las desventajas de varias opciones.",Gramática|||Léxico|||Campos temáticos|||Comprensión lectora|||Comprensión auditiva|||Producción escrita|||Expresión oral,"Formación de preguntas. Verbos compuestos. Presente perfecto (simple y continuo) Uso de adjetivos como sustantivos, orden de los adjetivos. Tiempos narrativos, pasado perfecto continuo. So y such…that. Adverbios y frases adverbiales. Futuro perfecto y futuro continuo. Cláusulas condicionales reales (0 y 1) e irreales (2 y 3). Estructuras con wish. Gerundios e infinitivos. Used to, be used to , get used to. Verbos modales en pasado. Would rather, had better. Verbos de sentimiento. Voz pasiva: it is said that…, he is thought to…, etc. Verbos delocutivos. Cláusulas de contraste y propósito. Sustantivos incontables y plurales. Cuantificadores: all/every, etc.|||Adjetivos compuestos, modificadores. Expresiones con 'take'. Verbos comúnmente confundidos. Colocaciones. Adjetivos terminados en -ed/-ing y verbos relacionados. léxico especializado de los campos de formación. Expresiones con 'go'. Formación de palabras: prefijos y sufijos. Adverbios y frases adverbiales.|||Vacaciones, opiniones y reacciones. Gustos y disgustos, preferencias. Hábitos, fortalezas y debilidades. Quejas. Puntos de referencia. Buenas y malas noticias. Necesidades. Libros. Citas y reuniones. Decisiones. Planes y experiencias pasadas. Interrupciones. Situaciones imaginarias. Productos. Favores y peticiones. Compras. Historias aterradoras. Disculpas. Iniciadores de conversación. Razones, excusas y permiso. Régimen, obligación y prohibiciones. Enfermedades y lesiones. Solicitudes e instrucciones. Problemas y consejos. Preocupación, estados de ánimo y sentimientos. Advertencias y consejos. Saludos, socializando. Fantasías. Información y objeciones. Comida. Identificaciones. Lamentos y juicios. Posibilidades, conclusiones y reacciones. Excusas.|||Artículos sobre asuntos actuales. Artículos de opinión. Textos narrativos de ficción no adaptados. Críticas de textos y películas.|||Extractos de programas de radio, de series televisivas y películas en inglés estándar. Disertaciones sobre temas generales. Discurso auténticos de hablantes entrevistados en un estudio o en la calle.|||Emails. Cuentos. Artículos. Descripción de una foto. Expresión de opiniones. Informe. Cartas de reclamo.|||Interacción fluida y espontánea sobre variedad de tópicos. Expresión de opiniones",La enseñanza se administra de manera externa.
94.62,Ética en los Negocios,https://drive.google.com/file/d/1FK6emzTGhyNQ4I-sf46EGv6axlgisvk1/view?usp=drivesdk,"Unidad I. Introducción General al Problema de la Etica y la Deontología
La moral y la ética. La ética y la filosofía social. Principales corrientes y posturas éticas: Aristóteles y la teleología, Kant y el formalismo, Max Scheler y la teoría material de los Valores, Friedrich Nietzsche y el súper hombre, el relativismo moral. Deontología Profesional. 

Unidad II. Economía Política y Sociedad. Empresa y Comunidad.
I) Derminación social de las actividades e ideas económicas. Cosmovisión religiosa, ética y actividades económicas. Max Weber y Robert K. Merton. El problema de la ideología, la clase y la representación de la actividad económica: Mannheim
Textos de: 
Weber, Max, La ética protestante y el espíritu del capitalismo, Madrid, Ed. Revista de Derecho Privado, 1995
Mannheim, Karl, Ideología y utopía, Madrid, Aguilar, 1958
II) Temas de ética social: Marxismo, Capitalismo y modelos político económicos contemporáneos.
Textos de:
Karl Marx, Salario, Precio y Ganancia / El Capital / Trabajo asalariado y capital / Contribución a la crítica de la economía política, ed. varias
Smith, Adam, An Inquiry into the nature and causes of the wealth of nations, Londres, Dutton, 1936
Ricardo, David, Principles of Political Economy and Taxation, Londres, Puttnam, 1821
Gramsci, Antonio, Cuadernos de la cárcel, ed. Varias
Malthus, Robert, Primer Ensayo sobre la Población, Barcelona, Altaza, 1997

Unidad III. Aspectos legales y normativos de la actividad Empresarial

I) Ciencias del Ser y del Deber Ser. Distinción. Características.
II) Derecho como ciencia del Deber Ser. Concepto. La Norma Jurídica. Las Fuentes del
derecho. 
III) Instituciones jurídicas: Persona. Persona física y jurídica. Responsabilidad.
Distintas órbitas de responsabilidad legal. Responsabilidad Civil: Contractual y
extracontractual. Responsabilidad penal.
IV) Otras responsabilidades: A) Responsabilidad Disciplinaria: Ejercicio profesional.
Fundamento. Alcances. Normas éticas que rigen el ejercicio de las profesiones. Secreto
profesional. B) Responsabilidad Social Empresaria: La corporación como agente moral.
Concepto. Límites. Explicitación en Códigos de Conducta.

Unidad IV. Calidad, responsabilidad empresaria y Normas.
“Balance Social de la empresa” y “Responsabilidad Social Corporativa”
El problema de la voluntariedad. Ley, norma y dimensión ética. Reduccionismos contemporáneos. Expectativas comunitarias de la gestión empresaria. Calidad, certificación y responsabilidad empresaria. Factores políticos: El Libro Verde de la Unión Europea. Factores comerciales: la norma SA 8000
Textos:
CEE, Libro Verde de la Unión Europea
ISA, Norma SA 8000:2001 Responsabilidad Social
Norma GRH 27001:2005 Gestión de los Recursos Humanos
Familia de normas ISO 9000, ISO 14000, OHSAS 18000 (selección)

Unidad V. Actividad Empresaria, política y Sociedad en la Argentina","-Que el alumno pueda reconocer la moralidad o inmoralidad de un acto a partir de diferentes miradas éticas. 
-Que el alumno logre comprender y poner en práctica los lineamientos éticos de la empresa en la que se desarrolle profesionalmente, en las desiciones diarias que se le presenten.","Introducción General al Problema de la Ética y la Deontología|||El acto voluntario.|||Aspectos legales y normativos de la actividad Empresarial|||Calidad, responsabilidad empresaria y Normas.|||Solución ética de conflictos.|||Fuentes de la moralidad|||Principales modelos éticos modernos y contemporáneos","La moral y la ética. La ética y la filosofía social. Principales corrientes y posturas éticas: Aristóteles y la teleología, Kant y el formalismo, el relativismo moral. |||Análisis de los pasos del acto moral. |||I) Ciencias del Ser y del Deber Ser. Distinción. Características. II) Derecho como ciencia del Deber Ser. Concepto. La Norma Jurídica. Las Fuentes del derecho. III) Instituciones jurídicas: Persona. Persona humana y jurídica. Responsabilidad. Distintas órbitas de responsabilidad legal. . IV) Otras responsabilidades: A) Responsabilidad Disciplinaria: Ejercicio profesional. Fundamento. Alcances. Normas éticas que rigen el ejercicio de las profesiones. Secreto profesional. B) Responsabilidad Social Empresaria: La corporación como agente moral. Concepto. Límites. Explicitación en Códigos de Conducta.|||“Balance Social de la empresa” y “Responsabilidad Social Corporativa” El problema de la voluntariedad. Ley, norma y dimensión ética. Expectativas comunitarias de la gestión empresaria. Calidad, certificación y responsabilidad empresaria. Factores políticos: El Libro Verde de la Unión Europea. Factores comerciales: la norma SA 8000 CEE, Libro Verde de la Unión Europea ISA, Norma SA 8000:2001 Responsabilidad Social Norma GRH 27001:2005 Gestión de los Recursos Humanos Familia de normas ISO 9000, ISO 14000, OHSAS 18000|||Problemas y conflictos. Distinción. Análisis de sus partes. El método Harvard de solución de conflictos. |||Objeto, fin y circunstancias.|||1-	La ética utilitarista. 
2-	La ética de la justicia. 
3-	La ética del derecho.
4-	Ética del cuidado. 
5-	El relativismo moral.
6-	La ética de la virtud",Los alumnos generarán un código de ética de empresa real o ficticia y capacitarán al curso como si fueran ingresantes a la misma. Es un trabajo en grupo y poseen una rúbrica en campus al respecto.
94.64,Prácticas Expositivas,https://drive.google.com/file/d/1Cci-Lcg8qzP1JJxH1hbihQFNbItBLHQS/view?usp=drivesdk,"El emisor. Autoconocimiento. El FODA de la historia personal. Las anécdotas y los puntos de inflexión. El rol de la emoción en la cognición individual y social. La influencia de la formación académica en los modelos mentales y los estereotipos. La importancia de la impronta personal. La proyección y la visualización de metas a futuro. La carga de las expectativas y el proceso de aprendizaje. El mensaje. La elección del tema. Estructura del contenido. Diseño de la estrategia. Técnicas de presentación. Los cuatro momentos imprescindibles. La cuestión técnica central. El lenguaje verbal y corporal. Las reacciones instantáneas. Construcción y control de escenarios. La puesta en escena. Las lagunas, los pozos y las montañas. Diagramación y preparación. La erudición del experto y el margen de error. El receptor. Diferentes tipos de auditorios. La cuestión profesional y la cuestión generacional. El encuentro individual. Elevator pitch. Virtual classroom & real time feedback. La entrevista al paso. La entrevista en profundidad. La conferencia, la clase y la presentación del plan de negocios. La Política, la empresa y la ONG. Ingeniería y sociedad. Auditorio entusiasta, indiferente, hostil. El diálogo y el debate. Metacognición El rol del error. Saldo de imprevistos. Los puntos de perspectiva. La autogestión y el cambio de estrategias. La visualización a futuro. El cambio conceptual lógico y corporal.","El diseño de la metodología (ad-hoc para esta materia) es que al finalizar el curso, cada alumno identifique su estilo  personal expositivo y detecte una mejora en sus habilidades comunicacionales, identificando las prácticas que le permitirán continuar mejorando su perfil en las áreas y en los tiempos que cada cual decida.",Unidad I - El emisor. |||Unidad II - El mensaje. |||Unidad III - El receptor. |||Unidad IV – Metacognición.,"Autoconocimiento. El FODA de la historia personal. Las anécdotas y los puntos de inflexión. El rol de la emoción en la cognición individual y social. La influencia de la formación académica en los modelos mentales y los estereotipos. La importancia de la impronta personal. La proyección y la visualización de metas a futuro. La carga de las expectativas y el proceso de aprendizaje. |||La elección del tema. Estructura del contenido. Diseño de la estrategia. Técnicas de presentación. Los cuatro momentos imprescindibles. La cuestión técnica central. El lenguaje verbal y corporal. Las reacciones instantáneas. Construcción y control de escenarios. La puesta en escena. Las lagunas, los pozos y las montañas. Diagramación y preparación. La erudición del experto y el margen de error. |||Diferentes tipos de auditorios. La cuestión profesional y la cuestión generacional. El encuentro individual. Elevator pitch. Virtual classroom & real time feedback. La entrevista al paso. La entrevista en profundidad. La conferencia, la clase y la presentación del plan de negocios. La Política, la empresa y la ONG. Ingeniería y sociedad. Auditorio entusiasta, indiferente, hostil. El diálogo y el debate. |||El rol del error. Saldo de imprevistos. Los puntos de perspectiva. La autogestión y el cambio de estrategias. La visualización a futuro. El cambio conceptual lógico y corporal.","Role play - simulación de entrevista en medios de comunicación o redes sociales, en rol ciudadano o profesional/técnico|||Role play - simulación ante auditorio conformado por pares o invitados|||Role play - simulación ante pares evaluadores, profesores de la cátedra e invitados|||Role play - simulación a grabar para análisis personal posterior en detalle del video |||Role play - simulación de consultoría sobre un tema técnico recomendando o no la inversión en el área, incluye el desafío de diferenciar el contexto (global/regional/local) para cada simulación|||Role Play - simulación ante auditorio y redes sociales , grabación para análisis posterior de detalles en comunicación coporal|||Role play - simulación ante pares evaluadores|||Role Play - simulación ante profesores de la cátedra e invitados|||El curso contempla como obligatorios un mínimo de dos encuentros individuales “OneOnOne” con el PRM para trabajar bajo la metodología de coaching personalizado para cada participante, las diferentes velocidades de cambio y mejora, según se acuerde en cada caso particular. La cantidad final de sesiones OneOnOne queda fijada OnDemand por quien cursa, no hay un tope prefijado para las mismas)|||Se insertan en cada comisión según un diagnóstico que se realiza el primer mes y varía de comisión en comisión. Se realizan asesoramientos específicos sobre dudas puntuales acerca de como expresarse adecuadamente en la redacción formal / corporativa|||Se insertan en cada comisión según un diagnóstico que se realiza el primer mes y varía de comisión en comisión. Se realizan ejercicios individuales y grupales para mejorar la postura y el dominio corporal previo/durante/post la exposición a enfrentar"
94.65,Practica Profesional supervisada,https://drive.google.com/file/d/13ZmriWy6OLyHBtXLB02B0o7MTwmG8mgx/view?usp=drivesdk,Aplicación e integración de conocimientos y competencias adquiridas a lo largo de la formación del estudiante. Desarrollo de nuevos aprendizajes desde el enfoque de la práctica en un entorno profesional.,"Que los estudiantes puedan aplicar e integrar los conocimientos y habilidades adquiridas a lo largo de su formación, a la vez que desarrollen nuevos aprendizajes desde el enfoque de la práctica en un entorno profesional. A su vez, que puedan elaborar un informe donde comuniquen de forma efectiva la experiencia realizada, los aprendizajes adquiridos y un análisis crítico de la organización, estructura y procesos del ámbito de su práctica y actividades allí realizadas.",Tareas específicas a la práctica profesional|||Estructura y Organización|||Trabajo en Equipo y Aprendizaje Continuo|||Gestión|||Resolución de Problemas|||Realización de estudios|||Estándares de Calidad y Seguridad|||Elaboración de Informes,"Realización de tareas específicas que anticipen su futura práctica profesional.|||Identificación de la estructura organizativa y de los roles y funciones de los distintos sectores de la empresa u organización en la cual realizará la Práctica.|||Participación en equipos de trabajo multidisciplinarios para el desarrollo de planes, programas y proyectos que promuevan la mejora continua de los procesos de la organización en los que intervenga y, a su vez, potencien una actitud de aprendizaje permanente.|||Discriminación y clasificación de los distintos problemas ingenieriles vinculados a la gestión.|||Diseño, desarrollo y planificación de propuestas de resolución de los problemas identificados.|||Realización de estudios de factibilidad técnica y económica y evaluación de su impacto económico, social y ambiental.|||Aplicación y evaluación de criterios, normas y estándares de la calidad y de la seguridad de los procesos en los que participe.|||Elaboración de textos, informes técnicos y productos académicos que den cuenta del análisis de las tareas llevadas a cabo.",Se realizará un plan de trabajo de 240 horas de duración donde se establecerán las actividades a realizar por cada alumno.|||El tutor realizará un informe sobre el desempeño del alumno. El alumno deberá realizar un informe escrito que dé cuenta de lo realizado durante su práctica y del aporte que la misma tuvo para su formación y presentarlo al profesor responsable de la PPS.
94.92,Escritura Académica,,,,,,
