codigo_icai,nombre_icai,term,studies,degree,schedule,language,ects_icai,codigo_itba,nombre_itba,confianza,comentario,availability_label,timing_risk_label,level_label,permission_label,language_label,schedule_label,recommendation_bucket,source_label,program_label,source_url,url_guia_icai
DCIA-IMAT-211,Fundamentos de Inteligencia Artificial / Artificial Intelligence Fundamentals,Fall,Undergraduate,2-IMAT,Unknown,Spanish,6.0,72.27,Sistemas de Inteligencia Artificial,5,"Fundamentos de Inteligencia Artificial es la equivalencia más directa para los enfoques y técnicas centrales de IA; confirmar la cobertura de sistemas expertos, lógica y algoritmos genéticos.",exchange_term,low,undergraduate,standard,spanish,unknown,primary,course_offering_2026_2027_v1_1,regular_icai,,
DCIA-IMAT-212,Adquisición y Visualización de Datos / Data Acquisition and Visualization,Fall,Undergraduate,2-IMAT,Unknown,Spanish,6.0,72.74,Visualización de Información,5,Adquisición y Visualización de Datos coincide directamente con visualización de información; no se detallan interacción ni principios de diseño.,exchange_term,low,undergraduate,standard,spanish,unknown,primary,course_offering_2026_2027_v1_1,regular_icai,,
DTC-BA23-314,Visualización de Datos / Data Visualization,Fall,Undergraduate,3-BA,Unknown,Spanish,3.0,72.74,Visualización de Información,5,"Visualización de Datos es una equivalencia directa por tema, aunque no se confirma el detalle de visualización interactiva y percepción.",exchange_term,low,undergraduate,standard,spanish,unknown,primary,course_offering_2026_2027_v1_1,regular_icai,,
DTC-GITT-313,Tecnología de Redes / Computer Network Technologies,Fall,Undergraduate,3-GITT,Unknown,Spanish,6.0,72.20,Redes de Información,5,"Tecnología de Redes cubre directamente el núcleo de redes y protocolos de la materia ITBA; falta confirmar el detalle de seguridad, movilidad y ATM.",exchange_term,low,undergraduate,standard,spanish,unknown,primary,course_offering_2026_2027_v1_1,regular_icai,,
DTC-IMAT-416,Procesamiento de Lenguaje Natural II / Natural Language Processing II,Fall,Undergraduate,4-IMAT,Unknown,Spanish,6.0,73.65,Procesamiento del Lenguaje Natural,5,Procesamiento de Lenguaje Natural II coincide directamente con Procesamiento del Lenguaje Natural y es el candidato más fuerte del catálogo.,exchange_term,low,undergraduate,standard,spanish,unknown,primary,course_offering_2026_2027_v1_1,regular_icai,,
FCEE-BA-421,Finanzas Corporativas / Corporate Finance,Fall,Undergraduate,5-BA,Unknown,English,6.0,61.50,Finanzas de la Empresa,5,"Finanzas Corporativas coincide directamente con valuacion, decisiones de financiacion, estructura de capital y gestion financiera de la empresa.",exchange_term,low,undergraduate,standard,english,unknown,primary,course_offering_2026_2027_v1_1,regular_icai,,
DCIA-IMAT-212,Adquisición y Visualización de Datos / Data Acquisition and Visualization,Fall,Undergraduate,2-IMAT,Unknown,Spanish,6.0,73.84,Ciencia de Datos Aplicada,4,"Adquisición y Visualización de Datos coincide con captura, análisis exploratorio y visualización de datos; candidato fuerte de grado.",exchange_term,low,undergraduate,standard,spanish,unknown,primary,course_offering_2026_2027_v1_1,regular_icai,,
DEA-GITI-431,Microprocesadores / Microprocessors,Fall,Undergraduate,4-GITI,Unknown,Spanish,9.0,72.02,Organización Básica de la Computadora,4,Microprocesadores se alinea fuertemente con organizacion y funcionamiento basico de la computadora a nivel de procesador y hardware; confirmar arquitectura y lenguaje ensamblador.,exchange_term,low,undergraduate,standard,spanish,unknown,primary,course_offering_2026_2027_v1_1,regular_icai,,
DEA-GITI-431,Microprocesadores / Microprocessors,Fall,Undergraduate,4-GITI,Unknown,Spanish,9.0,72.57,Sistemas Embebidos,4,Microprocesadores cubre el núcleo de hardware programable de sistemas embebidos; no se confirma firmware ni tiempo real.,exchange_term,low,undergraduate,standard,spanish,unknown,primary,course_offering_2026_2027_v1_1,regular_icai,,
DEA-GITI-431,Microprocesadores / Microprocessors,Fall,Undergraduate,4-GITI,Unknown,Spanish,9.0,72.66,Sistemas Embebidos,4,Microprocesadores cubre el núcleo de hardware programable de sistemas embebidos; no se confirma firmware ni tiempo real.,exchange_term,low,undergraduate,standard,spanish,unknown,primary,course_offering_2026_2027_v1_1,regular_icai,,
DEA-GITI-431,Microprocesadores / Microprocessors,Fall,Undergraduate,4-GITI,Unknown,Spanish,9.0,72.94,Introducción a los Sistemas Embebidos,4,"Microprocesadores cubre hardware programable y programación de bajo nivel, una base sólida para introducción a sistemas embebidos.",exchange_term,low,undergraduate,standard,spanish,unknown,primary,course_offering_2026_2027_v1_1,regular_icai,,
DEAC-IMAT-313,Visión por Ordenador I / Computer Vision I,Fall,Undergraduate,3-IMAT,Unknown,Spanish,4.5,22.48,Procesamiento de Imágenes,4,"Vision por Ordenador I se alinea fuertemente con analisis de imagenes y vision por computadora, componentes centrales de Procesamiento de Imagenes.",exchange_term,low,undergraduate,standard,spanish,unknown,primary,course_offering_2026_2027_v1_1,regular_icai,,
DEAC-IMAT-313,Visión por Ordenador I / Computer Vision I,Fall,Undergraduate,3-IMAT,Unknown,Spanish,4.5,72.52,Análisis y Tratamiento de Imágenes,4,Visión por Ordenador I es candidata directa para análisis y tratamiento de imágenes; falta confirmar el alcance de procesamiento clásico frente a visión basada en aprendizaje.,exchange_term,low,undergraduate,standard,spanish,unknown,primary,course_offering_2026_2027_v1_1,regular_icai,,
DEAC-IMAT-411,Aprendizaje por Refuerzo / Reinforcement Learning,Fall,Undergraduate,4-IMAT,Unknown,Spanish,3.0,72.73,Aprendizaje por Refuerzo en Robótica,4,Aprendizaje por Refuerzo coincide directamente con el método central; falta confirmar aplicación a robótica.,exchange_term,low,undergraduate,standard,spanish,unknown,primary,course_offering_2026_2027_v1_1,regular_icai,,
DOI-DHPCP-202,Técnicas de Comunicación Personal / Personal Communication Techniques,Fall,Undergraduate,2-DHP,Unknown,Spanish,3.0,94.42,Comunicación Estratégica,4,"Técnicas de Comunicación Personal coincide con competencias conversacionales, comunicación interpersonal y desempeño profesional; faltaría confirmar la profundidad de comunicación estratégica e intracomunicación. Es grado y figura con asignación pendiente.",exchange_term,low,undergraduate,standard,spanish,unknown,primary,course_offering_2026_2027_v1_1,regular_icai,,
DOI-DHPCP-202,Técnicas de Comunicación Personal / Personal Communication Techniques,Fall,Undergraduate,2-DHP,Unknown,Spanish,3.0,94.64,Prácticas Expositivas,4,"Técnicas de Comunicación Personal se alinea con el desarrollo de habilidades comunicacionales y de presentación de Prácticas Expositivas, aunque se debe confirmar técnicas escénicas y trabajo con auditorios. Es grado y figura con asignación pendiente.",exchange_term,low,undergraduate,standard,spanish,unknown,primary,course_offering_2026_2027_v1_1,regular_icai,,
DOI-IMAT-311,Análisis y Predicción de Series Temporales / Time Series Analysis and Forecasting,Fall,Undergraduate,3-IMAT,Unknown,Spanish,3.0,73.67,Análisis de series de tiempo con Inteligencia Artificial,4,Análisis y Predicción de Series Temporales coincide directamente con la parte de series temporales; no se confirma el uso de IA en el título.,exchange_term,low,undergraduate,standard,spanish,unknown,primary,course_offering_2026_2027_v1_1,regular_icai,,
DOI-IMAT-314,Optimización y Simulación / Optimization and Simulation,Fall,Undergraduate,3-IMAT,Unknown,English,6.0,72.25,Simulación de Sistemas,4,"Optimización y Simulación es el candidato directo para modelado y simulación de sistemas; falta confirmar el peso de simulación discreta, probabilística y análisis estadístico de resultados.",exchange_term,low,undergraduate,standard,english,unknown,primary,course_offering_2026_2027_v1_1,regular_icai,,
DTC-BA-516,Desarrollo de Aplicaciones para la Visualización de Datos / Application Development for Data Visualization,Fall,Undergraduate,6-BA,Unknown,Spanish,3.0,72.74,Visualización de Información,4,"Desarrollo de Aplicaciones para la Visualización de Datos coincide en implementar visualizaciones, con orientación más aplicada.",exchange_term,low,undergraduate,standard,spanish,unknown,primary,course_offering_2026_2027_v1_1,regular_icai,,
DTC-GITT-411,Conmutación y Transmisión / Switching and Data Transmission,Fall,Undergraduate,4-GITT,Unknown,Spanish,4.5,72.20,Redes de Información,4,"Conmutación y transmisión solapa con tecnologías LAN/WAN, interconexión y transporte de datos, aunque no evidencia por sí sola toda la capa TCP/IP y de seguridad solicitada por ITBA.",exchange_term,low,undergraduate,standard,spanish,unknown,primary,course_offering_2026_2027_v1_1,regular_icai,,
DTC-IMAT-315,Paradigmas y Técnicas de Programación / Programming Paradigms and Techniques,Fall,Undergraduate,3-IMAT,Unknown,Spanish,6.0,72.18,Programación Funcional,4,"Paradigmas y Tecnicas de Programacion es una candidata fuerte para Programacion Funcional por su cobertura explicita de paradigmas; confirmar lambda calculo, tipos algebraicos, monadas y demostracion por induccion.",exchange_term,low,undergraduate,standard,spanish,unknown,primary,course_offering_2026_2027_v1_1,regular_icai,,
DTC-IMAT-315,Paradigmas y Técnicas de Programación / Programming Paradigms and Techniques,Fall,Undergraduate,3-IMAT,Unknown,Spanish,6.0,72.60,Programación Funcional,4,"Paradigmas y Técnicas de Programación es la candidata más directa para programación funcional, sin confirmar cálculo lambda ni semántica formal.",exchange_term,low,undergraduate,standard,spanish,unknown,primary,course_offering_2026_2027_v1_1,regular_icai,,
DTC-IMAT-416,Procesamiento de Lenguaje Natural II / Natural Language Processing II,Fall,Undergraduate,4-IMAT,Unknown,Spanish,6.0,82.18,Procesamiento del Lenguaje Natural,4,"Procesamiento de Lenguaje Natural II coincide directamente con NLP, preparación y análisis de texto, modelos de lenguaje y aplicaciones; se debe confirmar el alcance de nivel II frente a los fundamentos ITBA.",exchange_term,low,undergraduate,standard,spanish,unknown,primary,course_offering_2026_2027_v1_1,regular_icai,,
DTC-IMAT-417,Visión por Ordenador II / Computer Vision II,Fall,Undergraduate,4-IMAT,Unknown,Spanish,6.0,22.48,Procesamiento de Imágenes,4,"Vision por Ordenador II es una candidata fuerte para la parte de analisis de imagenes y vision por computadora; confirmar en la guia la cobertura de transformadas, restauracion y compresion.",exchange_term,low,undergraduate,standard,spanish,unknown,primary,course_offering_2026_2027_v1_1,regular_icai,,
DTC-IMAT-417,Visión por Ordenador II / Computer Vision II,Fall,Undergraduate,4-IMAT,Unknown,Spanish,6.0,72.52,Análisis y Tratamiento de Imágenes,4,Visión por Ordenador II es una candidata directa y de nivel avanzado para análisis de imágenes; se debe validar el temario concreto.,exchange_term,low,undergraduate,standard,spanish,unknown,primary,course_offering_2026_2027_v1_1,regular_icai,,
DTC-IMAT-417,Visión por Ordenador II / Computer Vision II,Fall,Undergraduate,4-IMAT,Unknown,Spanish,6.0,73.66,Procesamiento de Imágenes Satelitales,4,"Visión por Ordenador II es un candidato fuerte para procesamiento de imágenes satelitales por las técnicas de visión, aunque no incluye teledetección ni datos satelitales explícitamente.",exchange_term,low,undergraduate,standard,spanish,unknown,primary,course_offering_2026_2027_v1_1,regular_icai,,
DTC-SAP-333,Machine Learning and Artificial Intelligence with Python,Fall,Undergraduate,1-SAPIENS,Unknown,English,6.0,72.27,Sistemas de Inteligencia Artificial,4,"Machine Learning and Artificial Intelligence with Python cubre fundamentos prácticos de IA, ML, NLP y visión por ordenador; queda más introductoria y sin evidencia del enfoque lógico/simbólico.",exchange_term,low,undergraduate,standard,english,unknown,primary,course_offering_2026_2027_v1_1,sapiens,,
DTC-SAP-333,Machine Learning and Artificial Intelligence with Python,Fall,Undergraduate,1-SAPIENS,Unknown,English,6.0,72.75,Aprendizaje Automático (Machine Learning),4,"Machine Learning and Artificial Intelligence with Python coincide directamente, con orientación práctica en Python.",exchange_term,low,undergraduate,standard,english,unknown,primary,course_offering_2026_2027_v1_1,sapiens,,
FCEE-BA23-412,Finanzas Corporativas Aplicadas / Applied Corporate Finance,Fall,Undergraduate,4-BA,Unknown,English,3.0,61.50,Finanzas de la Empresa,4,"Finanzas Corporativas Aplicadas cubre decisiones y herramientas de finanzas corporativas, fuertemente alineadas con valuacion, financiacion y estructura de capital.",exchange_term,low,undergraduate,standard,english,unknown,primary,course_offering_2026_2027_v1_1,regular_icai,,
IIM-ADE-226,Idioma II (English for Business Studies II) B2 / English for Business Studies II (B2),All-year,Undergraduate,2-ADE,Unknown,English,3.0,94.52,Inglés II,4,"English for Business Studies II (B2) coincide con el nivel B2 y las competencias comunicativas de Inglés II; su orientación es de negocios en vez de ingeniería. Es All-year: 3 ECTS semestrales, y requiere prueba/asignación de nivel.",exchange_term_all_year,medium,undergraduate,standard,english,unknown,strong_candidate,course_offering_2026_2027_v1_1,regular_icai,,
IIM-DCC-201E,English for Engineers II (B2.2),All-year,Undergraduate,2-DCC,Unknown,English,3.0,94.52,Inglés II,4,"English for Engineers II (B2.2) es la continuación de inglés técnico y se alinea con el objetivo B2 de comprensión, interacción y producción escrita de Inglés II. Es All-year: cursarlo en Fall supone 3 ECTS semestrales, y requiere prueba/asignación de nivel.",exchange_term_all_year,medium,undergraduate,standard,english,unknown,strong_candidate,course_offering_2026_2027_v1_1,regular_icai,,
DCIA-IMAT-211,Fundamentos de Inteligencia Artificial / Artificial Intelligence Fundamentals,Fall,Undergraduate,2-IMAT,Unknown,Spanish,6.0,72.59,Sistemas de Inteligencia Artificial II,3,"Fundamentos de Inteligencia Artificial cubre el área central, pero parece introductorio frente a IA II.",exchange_term,low,undergraduate,standard,spanish,unknown,strong_candidate,course_offering_2026_2027_v1_1,regular_icai,,
DCIA-IMAT-212,Adquisición y Visualización de Datos / Data Acquisition and Visualization,Fall,Undergraduate,2-IMAT,Unknown,Spanish,6.0,72.54,OLAP y Explotación de Datos,3,"Adquisición y Visualización de Datos cubre pipeline de datos y visualización, con gap en modelado multidimensional y consultas OLAP.",exchange_term,low,undergraduate,standard,spanish,unknown,strong_candidate,course_offering_2026_2027_v1_1,regular_icai,,
DCIA-IMAT-212,Adquisición y Visualización de Datos / Data Acquisition and Visualization,Fall,Undergraduate,2-IMAT,Unknown,Spanish,6.0,73.23,Programación Orientada a Datos,3,Adquisición y Visualización de Datos comparte el trabajo de obtención y manipulación de datos; candidato parcial de grado.,exchange_term,low,undergraduate,standard,spanish,unknown,strong_candidate,course_offering_2026_2027_v1_1,regular_icai,,
DEA-GITI-431,Microprocesadores / Microprocessors,Fall,Undergraduate,4-GITI,Unknown,Spanish,9.0,22.09,Fundamentos Electrónicos de la Informática,3,"Microprocesadores solapa con la aplicacion informatica de la electronica digital y el hardware, pero parece mas especifica y avanzada que una materia fundacional.",exchange_term,low,undergraduate,standard,spanish,unknown,strong_candidate,course_offering_2026_2027_v1_1,regular_icai,,
DEA-GITI-431,Microprocesadores / Microprocessors,Fall,Undergraduate,4-GITI,Unknown,Spanish,9.0,72.90,Internet de las Cosas (IoT),3,"Microprocesadores cubre la plataforma hardware subyacente para sensores y dispositivos IoT, pero no las capas de red y aplicación.",exchange_term,low,undergraduate,standard,spanish,unknown,strong_candidate,course_offering_2026_2027_v1_1,regular_icai,,
DEA-GITT-211,Circuitos Electrónicos / Electronic Circuits,Fall,Undergraduate,2-GITT,Unknown,Spanish,6.0,22.09,Fundamentos Electrónicos de la Informática,3,"Circuitos Electronicos cubre fundamentos de electronica y circuitos, alineados con Fundamentos Electronicos de la Informatica; falta confirmar el alcance de logica y arquitectura digital.",exchange_term,low,undergraduate,standard,spanish,unknown,strong_candidate,course_offering_2026_2027_v1_1,regular_icai,,
DEA-GITT-214,Sistemas Digitales I / Digital Systems I,Fall,Undergraduate,2-GITT,Unknown,Spanish,6.0,22.09,Fundamentos Electrónicos de la Informática,3,"Sistemas Digitales I cubre logica y sistemas digitales, una parte central de los fundamentos electronicos aplicados a informatica; no cubre necesariamente toda la electronica analogica.",exchange_term,low,undergraduate,standard,spanish,unknown,strong_candidate,course_offering_2026_2027_v1_1,regular_icai,,
DEA-GITT-214,Sistemas Digitales I / Digital Systems I,Fall,Undergraduate,2-GITT,Unknown,Spanish,6.0,72.02,Organización Básica de la Computadora,3,"Sistemas Digitales I cubre logica y sistemas digitales, parte clave de Organizacion Basica de la Computadora, aunque puede faltar arquitectura de procesador.",exchange_term,low,undergraduate,standard,spanish,unknown,strong_candidate,course_offering_2026_2027_v1_1,regular_icai,,
DEA-GITT-214,Sistemas Digitales I / Digital Systems I,Fall,Undergraduate,2-GITT,Unknown,Spanish,6.0,72.94,Introducción a los Sistemas Embebidos,3,"Sistemas Digitales I aporta fundamentos de hardware digital relevantes para sistemas embebidos, aunque no confirma programación de microcontroladores.",exchange_term,low,undergraduate,standard,spanish,unknown,strong_candidate,course_offering_2026_2027_v1_1,regular_icai,,
DEAC-IMAT-313,Visión por Ordenador I / Computer Vision I,Fall,Undergraduate,3-IMAT,Unknown,Spanish,4.5,72.53,Visión Computacional 3D,3,"Visión por Ordenador I puede ofrecer los fundamentos necesarios para visión 3D, pero el título no confirma reconstrucción o geometría 3D.",exchange_term,low,undergraduate,standard,spanish,unknown,strong_candidate,course_offering_2026_2027_v1_1,regular_icai,,
DEAC-IMAT-313,Visión por Ordenador I / Computer Vision I,Fall,Undergraduate,3-IMAT,Unknown,Spanish,4.5,73.66,Procesamiento de Imágenes Satelitales,3,"Visión por Ordenador I comparte el procesamiento de imágenes, pero no el dominio satelital ni técnicas avanzadas específicas.",exchange_term,low,undergraduate,standard,spanish,unknown,strong_candidate,course_offering_2026_2027_v1_1,regular_icai,,
DEAC-IMAT-411,Aprendizaje por Refuerzo / Reinforcement Learning,Fall,Undergraduate,4-IMAT,Unknown,Spanish,3.0,72.59,Sistemas de Inteligencia Artificial II,3,"Aprendizaje por Refuerzo es una técnica avanzada de IA, pero solo una especialidad de IA II.",exchange_term,low,undergraduate,standard,spanish,unknown,strong_candidate,course_offering_2026_2027_v1_1,regular_icai,,
DEAC-IMAT-411,Aprendizaje por Refuerzo / Reinforcement Learning,Fall,Undergraduate,4-IMAT,Unknown,Spanish,3.0,73.61,Neurorobótica,3,"Aprendizaje por Refuerzo es una técnica relevante para neurorobótica y control adaptativo, aunque no cubre robótica ni neurociencia de forma completa.",exchange_term,low,undergraduate,standard,spanish,unknown,strong_candidate,course_offering_2026_2027_v1_1,regular_icai,,
DER-ADE-215,Marco Jurídico de la Empresa / Business Legal Framework,Fall,Undergraduate,2-ADE,Unknown,Spanish,6.0,61.13,Práctica Contractual,3,"Business Legal Framework es un candidato parcial fuerte para practica contractual en contexto empresarial, aunque debe confirmarse que incluya redaccion y negociacion de contratos de servicios o productos.",exchange_term,low,undergraduate,standard,spanish,unknown,strong_candidate,course_offering_2026_2027_v1_1,regular_icai,,
DER-BA23-313,Regulación de Mercados Digitales / Regulation and Digital Markets,Fall,Undergraduate,3-BA,Unknown,Spanish,6.0,61.08,Derecho Digital,3,"Regulacion de Mercados Digitales cubre el marco regulatorio de entornos digitales, con solapamiento relevante en Derecho Digital; falta confirmar privacidad, propiedad intelectual y ciberdelitos.",exchange_term,low,undergraduate,standard,spanish,unknown,strong_candidate,course_offering_2026_2027_v1_1,regular_icai,,
DOI-DHPCP-201,Ingeniería y Comunicación / Engineering and Communication,Fall,Undergraduate,2-DHP,Unknown,English / Spanish,3.0,94.42,Comunicación Estratégica,3,"Ingeniería y Comunicación se solapa con presentaciones, informes y comunicación profesional, pero no demuestra el temario completo de estrategia de comunicación organizacional. Es grado y figura con asignación pendiente.",exchange_term,low,undergraduate,standard,english_or_spanish,unknown,strong_candidate,course_offering_2026_2027_v1_1,regular_icai,,
DOI-DHPCP-201,Ingeniería y Comunicación / Engineering and Communication,Fall,Undergraduate,2-DHP,Unknown,English / Spanish,3.0,94.64,Prácticas Expositivas,3,"Ingeniería y Comunicación se solapa con comunicar contenidos técnicos y profesionales, pero no demuestra el entrenamiento expositivo integral, verbal y corporal de ITBA. Es grado y figura con asignación pendiente.",exchange_term,low,undergraduate,standard,english_or_spanish,unknown,strong_candidate,course_offering_2026_2027_v1_1,regular_icai,,
DOI-GITI-411,Ética / Ethics,Fall,Undergraduate,4-GITI,Unknown,Spanish,3.0,94.62,Ética en los Negocios,3,"Ética cubre la base filosófica y deontológica de la materia ITBA, pero el título no acredita el bloque específico de ética empresarial, responsabilidad corporativa y regulación.",exchange_term,low,undergraduate,standard,spanish,unknown,strong_candidate,course_offering_2026_2027_v1_1,regular_icai,,
DTC-BA-516,Desarrollo de Aplicaciones para la Visualización de Datos / Application Development for Data Visualization,Fall,Undergraduate,6-BA,Unknown,Spanish,3.0,72.54,OLAP y Explotación de Datos,3,"Desarrollo de Aplicaciones para la Visualización de Datos cubre explotación y presentación de datos, pero no confirma OLAP, cubos ni almacenamiento analítico.",exchange_term,low,undergraduate,standard,spanish,unknown,strong_candidate,course_offering_2026_2027_v1_1,regular_icai,,
DTC-BA23-314,Visualización de Datos / Data Visualization,Fall,Undergraduate,3-BA,Unknown,Spanish,3.0,72.54,OLAP y Explotación de Datos,3,"Visualización de Datos solapa con la explotación analítica de datos, aunque no alcanza por sí sola los contenidos de OLAP.",exchange_term,low,undergraduate,standard,spanish,unknown,strong_candidate,course_offering_2026_2027_v1_1,regular_icai,,
DTC-GITT-313,Tecnología de Redes / Computer Network Technologies,Fall,Undergraduate,3-GITT,Unknown,Spanish,6.0,72.28,Topología de Internet: Análisis y Modelado,3,"Tecnología de Redes es una base pertinente para analizar topologías y funcionamiento de Internet, aunque no confirma específicamente modelado topológico.",exchange_term,low,undergraduate,standard,spanish,unknown,strong_candidate,course_offering_2026_2027_v1_1,regular_icai,,
DTC-GITT-315,Ingeniería del Software / Software Engineering,Fall,Undergraduate,3-GITT,Unknown,Spanish,6.0,73.30,Desarrollo profesional de software: del código al producto,3,Ingeniería del Software cubre prácticas y procesos de desarrollo profesional; buen parcial para llevar código a producto.,exchange_term,low,undergraduate,standard,spanish,unknown,strong_candidate,course_offering_2026_2027_v1_1,regular_icai,,
DTC-GITT-315,Ingeniería del Software / Software Engineering,Fall,Undergraduate,3-GITT,Unknown,Spanish,6.0,81.14,Product Management,3,"Ingeniería del Software aporta el ciclo de desarrollo y la interacción con ingeniería, pero no todo el alcance de producto, UX y métricas.",exchange_term,low,undergraduate,standard,spanish,unknown,strong_candidate,course_offering_2026_2027_v1_1,regular_icai,,
DTC-GITT-315,Ingeniería del Software / Software Engineering,Fall,Undergraduate,3-GITT,Unknown,Spanish,6.0,81.57,Arquitectura de soluciones digitales,3,"Ingeniería del Software se solapa con el diseño técnico y la construcción de arquitecturas de soluciones, aunque el catálogo no demuestra cobertura explícita de CI/CD ni de arquitectura tecnológica a nivel de plataforma.",exchange_term,low,undergraduate,standard,spanish,unknown,strong_candidate,course_offering_2026_2027_v1_1,regular_icai,,
DTC-GITT-411,Conmutación y Transmisión / Switching and Data Transmission,Fall,Undergraduate,4-GITT,Unknown,Spanish,4.5,72.28,Topología de Internet: Análisis y Modelado,3,"Conmutación y transmisión aporta redes e interconexión para el análisis de topologías, pero no evidencia herramientas de modelado de Internet.",exchange_term,low,undergraduate,standard,spanish,unknown,strong_candidate,course_offering_2026_2027_v1_1,regular_icai,,
DTC-GITT-413,Seguridad y Normativa / Security and Telecommunications Legislation,Fall,Undergraduate,4-GITT,Unknown,Spanish,7.5,61.08,Derecho Digital,3,"Seguridad y Normativa combina seguridad con normativa de telecomunicaciones, parcialmente alineada con derecho y tecnologia; su foco parece mas sectorial que Derecho Digital general.",exchange_term,low,undergraduate,standard,spanish,unknown,strong_candidate,course_offering_2026_2027_v1_1,regular_icai,,
DTC-GITT-413,Seguridad y Normativa / Security and Telecommunications Legislation,Fall,Undergraduate,4-GITT,Unknown,Spanish,7.5,72.44,Criptografía y Seguridad,3,"Seguridad y Normativa aporta seguridad de redes y aspectos regulatorios, pero no demuestra cubrir la profundidad criptográfica requerida.",exchange_term,low,undergraduate,standard,spanish,unknown,strong_candidate,course_offering_2026_2027_v1_1,regular_icai,,
DTC-IMAT-416,Procesamiento de Lenguaje Natural II / Natural Language Processing II,Fall,Undergraduate,4-IMAT,Unknown,Spanish,6.0,72.59,Sistemas de Inteligencia Artificial II,3,"Procesamiento de Lenguaje Natural II aporta una especialidad avanzada de IA, parcial frente a IA II.",exchange_term,low,undergraduate,standard,spanish,unknown,strong_candidate,course_offering_2026_2027_v1_1,regular_icai,,
DTC-IMAT-417,Visión por Ordenador II / Computer Vision II,Fall,Undergraduate,4-IMAT,Unknown,Spanish,6.0,72.53,Visión Computacional 3D,3,"Visión por Ordenador II es una candidata de visión avanzada, aunque debe comprobarse la cobertura específica de técnicas 3D.",exchange_term,low,undergraduate,standard,spanish,unknown,strong_candidate,course_offering_2026_2027_v1_1,regular_icai,,
DTC-IMAT-417,Visión por Ordenador II / Computer Vision II,Fall,Undergraduate,4-IMAT,Unknown,Spanish,6.0,72.59,Sistemas de Inteligencia Artificial II,3,"Visión por Ordenador II es una especialidad avanzada de IA, pero no equivale sola a IA II.",exchange_term,low,undergraduate,standard,spanish,unknown,strong_candidate,course_offering_2026_2027_v1_1,regular_icai,,
DTC-IMAT-423,Tecnologías para la Digitalización / Technologies for Digital Transformation,Fall,Undergraduate,4-IMAT,Unknown,Spanish,6.0,48.02,AI: Data Management Course & Digital Transformation,3,"Tecnologias para la Digitalizacion coincide con la componente de transformacion digital del curso ITBA, aunque no evidencia por si sola una cobertura profunda de data management ni de IA.",exchange_term,low,undergraduate,standard,spanish,unknown,strong_candidate,course_offering_2026_2027_v1_1,regular_icai,,
DTC-SAP-333,Machine Learning and Artificial Intelligence with Python,Fall,Undergraduate,1-SAPIENS,Unknown,English,6.0,72.52,Análisis y Tratamiento de Imágenes,3,"Machine Learning and Artificial Intelligence with Python incluye visión por ordenador, pero dentro de una introducción amplia a IA y ML.",exchange_term,low,undergraduate,standard,english,unknown,strong_candidate,course_offering_2026_2027_v1_1,sapiens,,
DTC-SAP-333,Machine Learning and Artificial Intelligence with Python,Fall,Undergraduate,1-SAPIENS,Unknown,English,6.0,72.59,Sistemas de Inteligencia Artificial II,3,"Machine Learning and Artificial Intelligence with Python coincide en IA y aprendizaje automático, pero su profundidad no se detalla.",exchange_term,low,undergraduate,standard,english,unknown,strong_candidate,course_offering_2026_2027_v1_1,sapiens,,
FCEE-BA23-311,Diseño y Generación de Valor para el Cliente / Design and Delivery of Value for Customers,Fall,Undergraduate,3-BA,Unknown,English,6.0,81.14,Product Management,3,Diseño y Generación de Valor para el Cliente coincide con entendimiento de usuarios y diseño de propuestas de valor; parcial para Product Management.,exchange_term,low,undergraduate,standard,english,unknown,strong_candidate,course_offering_2026_2027_v1_1,regular_icai,,
FCEE-BA23-413,Machine Learning II: Predicción / Machine Learning II: Forecasting,Fall,Undergraduate,4-BA,Unknown,Spanish,3.0,72.75,Aprendizaje Automático (Machine Learning),3,"Machine Learning II: Predicción cubre una aplicación relevante, pero está acotada a forecasting.",exchange_term,low,undergraduate,standard,spanish,unknown,strong_candidate,course_offering_2026_2027_v1_1,regular_icai,,
FCEE-BA23-413,Machine Learning II: Predicción / Machine Learning II: Forecasting,Fall,Undergraduate,4-BA,Unknown,Spanish,3.0,73.67,Análisis de series de tiempo con Inteligencia Artificial,3,"Machine Learning II: Predicción se alinea con el componente predictivo de series temporales, aunque no confirma el tratamiento temporal específico.",exchange_term,low,undergraduate,standard,spanish,unknown,strong_candidate,course_offering_2026_2027_v1_1,regular_icai,,
DCIA-MUIAA-512,Aprendizaje Automático / Machine Learning,Fall,Master,1-MIAA,Unknown,Spanish,6.0,72.75,Aprendizaje Automático (Machine Learning),5,"Aprendizaje Automático coincide directamente con aprendizaje supervisado/no supervisado, clasificación y diseño de sistemas. Es Master y requiere permiso.",exchange_term,low,postgraduate,permission_required,spanish,unknown,conditional,course_offering_2026_2027_v1_1,regular_icai,,
DEAC-MUIINT-112,Internet of Things,Fall,Master,1-MIINT,Unknown,English,4.5,72.90,Internet de las Cosas (IoT),5,"Internet of Things coincide directamente con el curso ITBA, incluyendo la integración de dispositivos y comunicaciones. Es Master y requiere permiso.",exchange_term,low,postgraduate,permission_required,english,unknown,conditional,course_offering_2026_2027_v1_1,regular_icai,,
DOI-MCS-514,Machine Learning / Analítica Avanzada / Machine Learning,Fall,Master,1-MCS,Unknown,Spanish,6.0,72.75,Aprendizaje Automático (Machine Learning),5,Machine Learning / Analítica Avanzada coincide directamente con Aprendizaje Automático. Es Master y requiere permiso.,exchange_term,low,postgraduate,permission_required,spanish,unknown,conditional,course_offering_2026_2027_v1_1,regular_icai,,
DTC-MBD-515,Tecnologías de Procesamiento Big Data / Big Data Processing Technologies,Fall,Master,2-MBD,Unknown,Spanish,7.5,72.80,Big Data,5,Tecnologías de Procesamiento Big Data coincide directamente con procesamiento distribuido y de grandes volúmenes; es el candidato técnico más fuerte. Es Master y requiere permiso.,exchange_term,low,postgraduate,permission_required,spanish,unknown,conditional,course_offering_2026_2027_v1_1,regular_icai,,
DTC-MCS-512,"Criptografía, Firma Electrónica y Blockchain / Cryptography, Digital Signature and Blockchain",Fall,Master,1-MCS,Unknown,Spanish,6.0,72.44,Criptografía y Seguridad,5,"Criptografía, Firma Electrónica y Blockchain cubre directamente criptografía clásica/moderna, firma y aplicaciones de seguridad. Es Master y requiere permiso.",exchange_term,low,postgraduate,permission_required,spanish,unknown,conditional,course_offering_2026_2027_v1_1,regular_icai,,
DTC-MCS-516,Test de Intrusión y Gestión de Vulnerabilidades / Penetration Testing and Vulnerability Management,Fall,Master,2-MCS,Unknown,Spanish,3.0,73.80,SEGURIDAD OFENSIVA,5,Test de Intrusión y Gestión de Vulnerabilidades coincide directamente con seguridad ofensiva. Es Master y requiere permiso.,exchange_term,low,postgraduate,permission_required,spanish,unknown,conditional,course_offering_2026_2027_v1_1,regular_icai,,
DTC-MTF-513,Finanzas Descentralizadas y Blockchain / Decentralized Finance and Blockchain,Fall,Master,1-MTF,Unknown,Spanish,6.0,72.89,Moneda Digital Descentralizada,5,Finanzas Descentralizadas y Blockchain es una equivalencia directa para moneda digital descentralizada. Es Master y requiere permiso.,exchange_term,low,postgraduate,permission_required,spanish,unknown,conditional,course_offering_2026_2027_v1_1,regular_icai,,
DTC-MTF-513,Finanzas Descentralizadas y Blockchain / Decentralized Finance and Blockchain,Fall,Master,1-MTF,Unknown,Spanish,6.0,73.89,Introducción a Blockchain y Criptomonedas,5,"Finanzas Descentralizadas y Blockchain coincide directamente con blockchain, criptomonedas y el ecosistema DeFi. Es Master y requiere permiso.",exchange_term,low,postgraduate,permission_required,spanish,unknown,conditional,course_offering_2026_2027_v1_1,regular_icai,,
DCIA-MUIAA-511,Agentes y Métodos de Inteligencia Artificial / Artificial Intelligence Agents and Methods,Fall,Master,1-MIAA,Unknown,Spanish,6.0,72.27,Sistemas de Inteligencia Artificial,4,"Agentes y Métodos de IA solapa fuertemente con resolución de problemas, métodos de IA y enfoque simbólico, aunque es Master y requiere permiso.",exchange_term,low,postgraduate,permission_required,spanish,unknown,conditional,course_offering_2026_2027_v1_1,regular_icai,,
DCIA-MUIAA-511,Agentes y Métodos de Inteligencia Artificial / Artificial Intelligence Agents and Methods,Fall,Master,1-MIAA,Unknown,Spanish,6.0,72.59,Sistemas de Inteligencia Artificial II,4,"Agentes y Métodos de Inteligencia Artificial aporta métodos avanzados y agentes, muy alineados con IA II. Es Master y requiere permiso.",exchange_term,low,postgraduate,permission_required,spanish,unknown,conditional,course_offering_2026_2027_v1_1,regular_icai,,
DCIA-MUIAA-512,Aprendizaje Automático / Machine Learning,Fall,Master,1-MIAA,Unknown,Spanish,6.0,72.27,Sistemas de Inteligencia Artificial,4,"Aprendizaje Automático cubre redes neuronales y aprendizaje supervisado/no supervisado, pero no el bloque simbólico completo. Es Master y requiere permiso.",exchange_term,low,postgraduate,permission_required,spanish,unknown,conditional,course_offering_2026_2027_v1_1,regular_icai,,
DCIA-MUIAA-512,Aprendizaje Automático / Machine Learning,Fall,Master,1-MIAA,Unknown,Spanish,6.0,72.59,Sistemas de Inteligencia Artificial II,4,"Aprendizaje Automático es central en sistemas modernos de IA, aunque no confirma todo el temario de IA II. Es Master y requiere permiso.",exchange_term,low,postgraduate,permission_required,spanish,unknown,conditional,course_offering_2026_2027_v1_1,regular_icai,,
DCIA-MUIAA-515,Ingeniería del Dato / Data Engineering,Fall,Master,1-MIAA,Unknown,Spanish,6.0,73.84,Ciencia de Datos Aplicada,4,Ingeniería del Dato cubre la preparación e integración de datos propias de ciencia de datos aplicada. Es Master y requiere permiso.,exchange_term,low,postgraduate,permission_required,spanish,unknown,conditional,course_offering_2026_2027_v1_1,regular_icai,,
DEAC-MUIINT-113,Reinforcement Learning,Fall,Master,1-MIINT,Unknown,English,4.5,72.73,Aprendizaje por Refuerzo en Robótica,4,Reinforcement Learning coincide directamente con la técnica central; no especifica robótica. Es Master y requiere permiso.,exchange_term,low,postgraduate,permission_required,english,unknown,conditional,course_offering_2026_2027_v1_1,regular_icai,,
DIM-MII-516,Robotica Industrial / Industrial Robotics,Fall,Master,1-MII,Unknown,Spanish,4.5,72.67,Robótica Cinemática Computacional,4,"Robótica Industrial es la candidata más próxima para robótica cinemática, sin confirmar profundidad en cinemática computacional. Es Master y requiere permiso.",exchange_term,low,postgraduate,permission_required,spanish,unknown,conditional,course_offering_2026_2027_v1_1,regular_icai,,
DIM-MII-516,Robotica Industrial / Industrial Robotics,Fall,Master,1-MII,Unknown,Spanish,4.5,73.60,Introducción a la Robótica Empresarial,4,Robótica Industrial es un candidato fuerte para Introducción a la Robótica Empresarial por su foco directo en robótica aplicada a industria. Es Master y requiere permiso.,exchange_term,low,postgraduate,permission_required,spanish,unknown,conditional,course_offering_2026_2027_v1_1,regular_icai,,
DOI-MBD-514,Machine Learning I,Fall,Master,1-MBD,Unknown,Spanish,6.0,72.75,Aprendizaje Automático (Machine Learning),4,"Machine Learning I es fuerte para fundamentos de aprendizaje automático, sin confirmar todos los métodos. Es Master y requiere permiso.",exchange_term,low,postgraduate,permission_required,spanish,unknown,conditional,course_offering_2026_2027_v1_1,regular_icai,,
DOI-MBD-516,Introducción al Análisis Estadístico con Lenguajes de Programación para Machine Learning / Introduction to Statistical Analysis with Programming Languages for Machine Learning,Fall,Master,1-MBD,Unknown,Spanish,3.0,73.84,Ciencia de Datos Aplicada,4,"Análisis estadístico con programación para ML combina análisis de datos y machine learning, con alcance introductorio. Es Master y requiere permiso.",exchange_term,low,postgraduate,permission_required,spanish,unknown,conditional,course_offering_2026_2027_v1_1,regular_icai,,
DOI-MCS-514,Machine Learning / Analítica Avanzada / Machine Learning,Fall,Master,1-MCS,Unknown,Spanish,6.0,72.59,Sistemas de Inteligencia Artificial II,4,"Machine Learning / Analítica Avanzada aporta IA avanzada, aunque no garantiza cubrir todos los sistemas de IA. Es Master y requiere permiso.",exchange_term,low,postgraduate,permission_required,spanish,unknown,conditional,course_offering_2026_2027_v1_1,regular_icai,,
DOI-MII-613,Emprendimiento e Innovación / Entrepreneurship and Innovation,Fall,Master,2-MII,Unknown,English,6.0,10.09,Formación para Emprendedores,4,"Emprendimiento e Innovacion cubre proceso emprendedor, innovacion, oportunidades y desarrollo de negocios; es una candidata fuerte para Formacion para Emprendedores. Es Master y requiere permiso.",exchange_term,low,postgraduate,permission_required,english,unknown,conditional,course_offering_2026_2027_v1_1,regular_icai,,
DOI-MII-616,Aprendizaje Automático / Machine Learning,Fall,Master,6-MII,Unknown,English,3.0,72.75,Aprendizaje Automático (Machine Learning),4,"Aprendizaje Automático coincide directamente en tema; no detalla clustering, SVM ni selección de modelos. Es Master y requiere permiso.",exchange_term,low,postgraduate,permission_required,english,unknown,conditional,course_offering_2026_2027_v1_1,regular_icai,,
DOI-MII-681,Dirección de Proyectos / Project Management,Fall,Master,2-MII,Unknown,English / Spanish,3.0,72.43,Gestión de Proyectos Informáticos,4,"Dirección de Proyectos cubre la administración, planificación y seguimiento de proyectos; debe verificarse la cobertura de calidad, configuración y auditorías de software. Es Master y requiere permiso.",exchange_term,low,postgraduate,permission_required,english_or_spanish,unknown,conditional,course_offering_2026_2027_v1_1,regular_icai,,
DOI-MII-682,Ética y RSC / Professional Ethics and Corporate Social Responsibility,Fall,Master,2-MII,Unknown,Spanish,3.0,94.62,Ética en los Negocios,4,"Ética y RSC se alinea directamente con ética profesional, responsabilidad social corporativa y actuación empresarial; se debe confirmar la cobertura de deontología y marco jurídico argentino. Es Master y requiere permiso.",exchange_term,low,postgraduate,permission_required,spanish,unknown,conditional,course_offering_2026_2027_v1_1,regular_icai,,
DOI-MIT-613,Dirección de Proyectos / Project Management,Fall,Master,2-MIT,Unknown,English,3.0,72.43,Gestión de Proyectos Informáticos,4,"Dirección de Proyectos es una buena equivalencia para gestión, planificación y riesgos, con la misma salvedad sobre calidad y configuración de software. Es Master y requiere permiso.",exchange_term,low,postgraduate,permission_required,english,unknown,conditional,course_offering_2026_2027_v1_1,regular_icai,,
DOI-OPT-614,Optativa Complementaria. Machine Learning for Engineers / Machine Learning for Engineers,Fall,Master,2-MII,Unknown,English,6.0,72.75,Aprendizaje Automático (Machine Learning),4,"Machine Learning for Engineers es fuerte para aprendizaje automático, aunque puede diferir en enfoque. Es Master y requiere permiso.",exchange_term,low,postgraduate,permission_required,english,unknown,conditional,course_offering_2026_2027_v1_1,regular_icai,,
DTC-MBD-511,Arquitectura Big Data / Big Data Architecture,Fall,Master,1-MBD,Unknown,Spanish,3.0,72.80,Big Data,4,"Arquitectura Big Data cubre la arquitectura de almacenamiento y procesamiento a escala, aunque no confirma todos los contenidos de streaming y NoSQL. Es Master y requiere permiso.",exchange_term,low,postgraduate,permission_required,spanish,unknown,conditional,course_offering_2026_2027_v1_1,regular_icai,,
DTC-MBD-512,Big Data y Gobierno del Dato / Big Data and Data Governance,Fall,Master,2-MBD,Unknown,Spanish,3.0,48.02,AI: Data Management Course & Digital Transformation,4,"Big Data y Gobierno del Dato cubre gestion y gobierno de datos, una componente central de AI: Data Management Course & Digital Transformation. Es Master y requiere permiso.",exchange_term,low,postgraduate,permission_required,spanish,unknown,conditional,course_offering_2026_2027_v1_1,regular_icai,,
DTC-MBD-517,Adquisición y Transformación / Data Acquisition and Transformation,Fall,Master,1-MBD,Unknown,Spanish,3.0,73.84,Ciencia de Datos Aplicada,4,"Data Acquisition and Transformation coincide con captura, integración, preparación y transformación de datos. Es Master y requiere permiso.",exchange_term,low,postgraduate,permission_required,spanish,unknown,conditional,course_offering_2026_2027_v1_1,regular_icai,,
DTC-MCS-512,"Criptografía, Firma Electrónica y Blockchain / Cryptography, Digital Signature and Blockchain",Fall,Master,1-MCS,Unknown,Spanish,6.0,72.89,Moneda Digital Descentralizada,4,"Criptografía, Firma Electrónica y Blockchain cubre las bases criptográficas y blockchain de una moneda digital descentralizada. Es Master y requiere permiso.",exchange_term,low,postgraduate,permission_required,spanish,unknown,conditional,course_offering_2026_2027_v1_1,regular_icai,,
DTC-MCS-512,"Criptografía, Firma Electrónica y Blockchain / Cryptography, Digital Signature and Blockchain",Fall,Master,1-MCS,Unknown,Spanish,6.0,73.89,Introducción a Blockchain y Criptomonedas,4,"Criptografía, Firma Electrónica y Blockchain cubre blockchain y fundamentos de seguridad, aunque no se confirma Solidity, contratos inteligentes o DeFi. Es Master y requiere permiso.",exchange_term,low,postgraduate,permission_required,spanish,unknown,conditional,course_offering_2026_2027_v1_1,regular_icai,,
DTC-MCS-516,Test de Intrusión y Gestión de Vulnerabilidades / Penetration Testing and Vulnerability Management,Fall,Master,2-MCS,Unknown,Spanish,3.0,72.44,Criptografía y Seguridad,4,"Test de Intrusión y Gestión de Vulnerabilidades cubre análisis de vulnerabilidades y pentesting, una parte relevante de la seguridad aplicada ITBA. Es Master y requiere permiso.",exchange_term,low,postgraduate,permission_required,spanish,unknown,conditional,course_offering_2026_2027_v1_1,regular_icai,,
DTC-MCS-516,Test de Intrusión y Gestión de Vulnerabilidades / Penetration Testing and Vulnerability Management,Fall,Master,2-MCS,Unknown,Spanish,3.0,73.81,Ciberseguridad Ofensiva y Defensiva,4,Test de Intrusión y Gestión de Vulnerabilidades cubre el componente ofensivo de la materia ITBA; el componente defensivo no está confirmado. Es Master y requiere permiso.,exchange_term,low,postgraduate,permission_required,spanish,unknown,conditional,course_offering_2026_2027_v1_1,regular_icai,,
DTC-MIINT-512,Deep Learning,Fall,Master,1-MIINT,Unknown,English,6.0,73.64,Temas Avanzados en Deep Learning,4,"Deep Learning es un candidato fuerte para Temas Avanzados en Deep Learning, aunque el temario detallado no está disponible. Es Master y requiere permiso.",exchange_term,low,postgraduate,permission_required,english,unknown,conditional,course_offering_2026_2027_v1_1,regular_icai,,
DTC-MIT-515,Arquitectura de Servicios en Red / Architecture of Network Services,Fall,Master,1-MIT,Unknown,Spanish,6.0,72.20,Redes de Información,4,"Arquitectura de servicios en red es una buena candidata para protocolos, servicios y arquitectura de red; es Master y requiere permiso.",exchange_term,low,postgraduate,permission_required,spanish,unknown,conditional,course_offering_2026_2027_v1_1,regular_icai,,
DCIA-MUIAA-511,Agentes y Métodos de Inteligencia Artificial / Artificial Intelligence Agents and Methods,Fall,Master,1-MIAA,Unknown,Spanish,6.0,72.79,Sistemas Multiagente I,3,"Agentes y Métodos de IA es la coincidencia más cercana para diseño de agentes; no garantiza cubrir LLMs, coordinación multiagente ni observabilidad. Es Master y requiere permiso.",exchange_term,low,postgraduate,permission_required,spanish,unknown,conditional,course_offering_2026_2027_v1_1,regular_icai,,
DCIA-MUIAA-512,Aprendizaje Automático / Machine Learning,Fall,Master,1-MIAA,Unknown,Spanish,6.0,73.64,Temas Avanzados en Deep Learning,3,"Aprendizaje Automático es una base relevante, pero no acredita profundidad específica en técnicas avanzadas de deep learning. Es Master y requiere permiso.",exchange_term,low,postgraduate,permission_required,spanish,unknown,conditional,course_offering_2026_2027_v1_1,regular_icai,,
DCIA-MUIAA-512,Aprendizaje Automático / Machine Learning,Fall,Master,1-MIAA,Unknown,Spanish,6.0,73.67,Análisis de series de tiempo con Inteligencia Artificial,3,"Aprendizaje Automático aporta métodos de IA aplicables a series temporales, pero no especifica análisis temporal. Es Master y requiere permiso.",exchange_term,low,postgraduate,permission_required,spanish,unknown,conditional,course_offering_2026_2027_v1_1,regular_icai,,
DCIA-MUIAA-512,Aprendizaje Automático / Machine Learning,Fall,Master,1-MIAA,Unknown,Spanish,6.0,73.84,Ciencia de Datos Aplicada,3,"Aprendizaje Automático cubre el modelado predictivo de ciencia de datos, pero no captura, visualización ni producto de datos completos. Es Master y requiere permiso.",exchange_term,low,postgraduate,permission_required,spanish,unknown,conditional,course_offering_2026_2027_v1_1,regular_icai,,
DCIA-MUIAA-515,Ingeniería del Dato / Data Engineering,Fall,Master,1-MIAA,Unknown,Spanish,6.0,48.02,AI: Data Management Course & Digital Transformation,3,"Ingenieria del Dato se alinea con la gestion e infraestructura de datos para sistemas de IA, aunque no cubre necesariamente la transformacion digital organizacional. Es Master y requiere permiso.",exchange_term,low,postgraduate,permission_required,spanish,unknown,conditional,course_offering_2026_2027_v1_1,regular_icai,,
DCIA-MUIAA-515,Ingeniería del Dato / Data Engineering,Fall,Master,1-MIAA,Unknown,Spanish,6.0,72.41,Base de Datos II,3,"Ingeniería del Dato aporta gestión y arquitectura de datos a escala, aunque no asegura los contenidos avanzados de administración SQL y transacciones. Es Master y requiere permiso.",exchange_term,low,postgraduate,permission_required,spanish,unknown,conditional,course_offering_2026_2027_v1_1,regular_icai,,
DCIA-MUIAA-515,Ingeniería del Dato / Data Engineering,Fall,Master,1-MIAA,Unknown,Spanish,6.0,72.54,OLAP y Explotación de Datos,3,"Ingeniería del Dato aporta preparación y explotación de datos a escala, pero no acredita específicamente OLAP. Es Master y requiere permiso.",exchange_term,low,postgraduate,permission_required,spanish,unknown,conditional,course_offering_2026_2027_v1_1,regular_icai,,
DCIA-MUIAA-515,Ingeniería del Dato / Data Engineering,Fall,Master,1-MIAA,Unknown,Spanish,6.0,72.80,Big Data,3,"Ingeniería del Dato se relaciona con pipelines y gestión de datos a escala, pero no asegura MapReduce, HDFS ni streaming. Es Master y requiere permiso.",exchange_term,low,postgraduate,permission_required,spanish,unknown,conditional,course_offering_2026_2027_v1_1,regular_icai,,
DCIA-MUIAA-516,Operación de Modelos / MLOps,Fall,Master,1-MIAA,Unknown,Spanish,6.0,73.22,Fundamentos de DevOps,3,"MLOps coincide con automatización, despliegue y operación continua, pero se centra en modelos de IA y no cubre todo DevOps. Es Master y requiere permiso.",exchange_term,low,postgraduate,permission_required,spanish,unknown,conditional,course_offering_2026_2027_v1_1,regular_icai,,
DCIA-MUIINT-111,Database Design,Fall,Master,1-MIINT,Unknown,English,4.5,72.41,Base de Datos II,3,"Database Design cubre diseño de bases de datos, pero debe verificarse la profundidad en índices, tuning, concurrencia, recuperación y GIS. Es Master y requiere permiso.",exchange_term,low,postgraduate,permission_required,english,unknown,conditional,course_offering_2026_2027_v1_1,regular_icai,,
DEAC-MCS-511,Ciberseguridad en la Industria e Infraestructuras Críticas / Industrial Cybersecurity and Critical Infrastructure,Fall,Master,2-MCS,Unknown,Spanish,3.0,72.44,Criptografía y Seguridad,3,"Ciberseguridad en Industria e Infraestructuras Críticas aporta seguridad aplicada, aunque no es una equivalencia completa de criptografía y protocolos. Es Master y requiere permiso.",exchange_term,low,postgraduate,permission_required,spanish,unknown,conditional,course_offering_2026_2027_v1_1,regular_icai,,
DEAC-MCS-511,Ciberseguridad en la Industria e Infraestructuras Críticas / Industrial Cybersecurity and Critical Infrastructure,Fall,Master,2-MCS,Unknown,Spanish,3.0,73.81,Ciberseguridad Ofensiva y Defensiva,3,"Ciberseguridad en Industria e Infraestructuras Críticas cubre la vertiente defensiva y aplicada, pero no seguridad ofensiva explícita. Es Master y requiere permiso.",exchange_term,low,postgraduate,permission_required,spanish,unknown,conditional,course_offering_2026_2027_v1_1,regular_icai,,
DEAC-MII-513,Sistemas Electrónicos / Electronic Systems,Fall,Master,1-MII,Unknown,Spanish,7.5,72.57,Sistemas Embebidos,3,"Sistemas Electrónicos aporta integración hardware para sistemas embebidos, sin explicitar programación embebida. Es Master y requiere permiso.",exchange_term,low,postgraduate,permission_required,spanish,unknown,conditional,course_offering_2026_2027_v1_1,regular_icai,,
DEAC-MII-513,Sistemas Electrónicos / Electronic Systems,Fall,Master,1-MII,Unknown,Spanish,7.5,72.66,Sistemas Embebidos,3,"Sistemas Electrónicos aporta integración hardware para sistemas embebidos, sin explicitar programación embebida. Es Master y requiere permiso.",exchange_term,low,postgraduate,permission_required,spanish,unknown,conditional,course_offering_2026_2027_v1_1,regular_icai,,
DEAC-MII-631,Comunicaciones Industriales / Industrial Communication Systems,Fall,Master,2-MII,Unknown,Spanish,4.5,72.90,Internet de las Cosas (IoT),3,"Comunicaciones Industriales aporta la conectividad de sistemas industriales conectados, parcial para IoT. Es Master y requiere permiso.",exchange_term,low,postgraduate,permission_required,spanish,unknown,conditional,course_offering_2026_2027_v1_1,regular_icai,,
DEAC-MII-632,Automatización Avanzada / Advanced Automation,Fall,Master,2-MII,Unknown,Spanish,4.5,73.60,Introducción a la Robótica Empresarial,3,"Automatización Avanzada comparte la automatización industrial relevante para robótica empresarial, aunque no es específicamente robótica. Es Master y requiere permiso.",exchange_term,low,postgraduate,permission_required,spanish,unknown,conditional,course_offering_2026_2027_v1_1,regular_icai,,
DEAC-MIT-513,Sistemas de Comunicación I / Communications Systems I,Fall,Master,1-MIT,Unknown,Spanish,6.0,72.20,Redes de Información,3,"Sistemas de Comunicación I cubre una parte fuerte de comunicaciones y redes, pero el alcance de TCP/IP, ruteo y seguridad debe verificarse. Es Master y requiere permiso.",exchange_term,low,postgraduate,permission_required,spanish,unknown,conditional,course_offering_2026_2027_v1_1,regular_icai,,
DEAC-MUIINT-112,Internet of Things,Fall,Master,1-MIINT,Unknown,English,4.5,72.57,Sistemas Embebidos,3,"Internet of Things comparte dispositivos conectados y sistemas embebidos, con orientación adicional a IoT. Es Master y requiere permiso.",exchange_term,low,postgraduate,permission_required,english,unknown,conditional,course_offering_2026_2027_v1_1,regular_icai,,
DEAC-MUIINT-112,Internet of Things,Fall,Master,1-MIINT,Unknown,English,4.5,72.66,Sistemas Embebidos,3,"Internet of Things comparte dispositivos conectados y sistemas embebidos, con orientación adicional a IoT. Es Master y requiere permiso.",exchange_term,low,postgraduate,permission_required,english,unknown,conditional,course_offering_2026_2027_v1_1,regular_icai,,
DIM-MII-516,Robotica Industrial / Industrial Robotics,Fall,Master,1-MII,Unknown,Spanish,4.5,72.46,Robótica Basada en Comportamiento,3,"Robótica Industrial es el único candidato directo por dominio robótico, pero se debe verificar que incluya arquitecturas de comportamiento y no solo automatización industrial. Es Master y requiere permiso.",exchange_term,low,postgraduate,permission_required,spanish,unknown,conditional,course_offering_2026_2027_v1_1,regular_icai,,
DIM-MII-612,Simulación Multifísica / Multiphysics Simulation,Fall,Master,2-MII,Unknown,Spanish,6.0,72.81,Simulación y Animación de Sistemas Multipartículas,3,"Simulación Multifísica cubre simulación computacional, pero el catálogo no confirma animación ni sistemas multipartículas. Es Master y requiere permiso.",exchange_term,low,postgraduate,permission_required,spanish,unknown,conditional,course_offering_2026_2027_v1_1,regular_icai,,
DOI-MBA-612,Financiación e Inversiones en Industria y Tecnología / Finance and Investment in Industry and Technology,Fall,Master,2-MBA,Unknown,English,3.0,61.50,Finanzas de la Empresa,3,"Financiacion e Inversiones en Industria y Tecnologia solapa con financiacion, inversiones y decisiones financieras de empresa; el alcance de derivados y valuacion completa debe confirmarse. Es Master y requiere permiso.",exchange_term,low,postgraduate,permission_required,english,unknown,conditional,course_offering_2026_2027_v1_1,regular_icai,,
DOI-MBD-516,Introducción al Análisis Estadístico con Lenguajes de Programación para Machine Learning / Introduction to Statistical Analysis with Programming Languages for Machine Learning,Fall,Master,1-MBD,Unknown,Spanish,3.0,73.23,Programación Orientada a Datos,3,"El análisis estadístico con lenguajes de programación para ML se alinea con la programación orientada a datos, aunque es una materia introductoria y de Master con permiso requerido.",exchange_term,low,postgraduate,permission_required,spanish,unknown,conditional,course_offering_2026_2027_v1_1,regular_icai,,
DOI-MII-580,Análisis de Costes y Finanzas / Financial and Cost Analysis,Fall,Master,1-MII,Unknown,English,6.0,61.50,Finanzas de la Empresa,3,"Analisis de Costes y Finanzas comparte analisis financiero y toma de decisiones empresariales, pero no necesariamente derivados, cartera y valuacion integral. Es Master y requiere permiso.",exchange_term,low,postgraduate,permission_required,english,unknown,conditional,course_offering_2026_2027_v1_1,regular_icai,,
DOI-MII-613,Emprendimiento e Innovación / Entrepreneurship and Innovation,Fall,Master,2-MII,Unknown,English,6.0,11.36,Innovación y Competitividad,3,"Emprendimiento e Innovacion coincide directamente con la dimension de innovacion, aunque no permite confirmar la cobertura de competitividad sin guia docente. Es Master y requiere permiso.",exchange_term,low,postgraduate,permission_required,english,unknown,conditional,course_offering_2026_2027_v1_1,regular_icai,,
DOI-MII-680,"Creación, Organización y Dirección de Empresas / Business Administration",Fall,Master,2-MII,Unknown,English / Spanish,6.0,94.23,Formación General III,3,"Creación, Organización y Dirección de Empresas se solapa con estructura, funcionamiento y dirección de organizaciones, aunque no evidencia el marco específico de jerarquías de respondibilidad gerencial de ITBA. Es Master y requiere permiso.",exchange_term,low,postgraduate,permission_required,english_or_spanish,unknown,conditional,course_offering_2026_2027_v1_1,regular_icai,,
DOI-MII-681,Dirección de Proyectos / Project Management,Fall,Master,2-MII,Unknown,English / Spanish,3.0,73.30,Desarrollo profesional de software: del código al producto,3,"Dirección de Proyectos aporta planificación y ejecución de productos/proyectos, pero no cubre específicamente product management de software. Es Master y requiere permiso.",exchange_term,low,postgraduate,permission_required,english_or_spanish,unknown,conditional,course_offering_2026_2027_v1_1,regular_icai,,
DOI-MII-681,Dirección de Proyectos / Project Management,Fall,Master,2-MII,Unknown,English / Spanish,3.0,81.14,Product Management,3,"Dirección de Proyectos coincide con planificación y ejecución, pero Product Management añade investigación de usuario, estrategia y métricas propias. Es Master y requiere permiso.",exchange_term,low,postgraduate,permission_required,english_or_spanish,unknown,conditional,course_offering_2026_2027_v1_1,regular_icai,,
DOI-MII-683,Liderazgo y Gestión del Cambio / Leadership and Change Management,Fall,Master,2-MII,Unknown,English / Spanish,3.0,94.23,Formación General III,3,"Liderazgo y Gestión del Cambio se relaciona con liderazgo, relaciones organizacionales y toma de decisiones en contextos cambiantes; el solapamiento con la teoría sistémica ITBA es parcial. Es Master y requiere permiso.",exchange_term,low,postgraduate,permission_required,english_or_spanish,unknown,conditional,course_offering_2026_2027_v1_1,regular_icai,,
DOI-MTF-513,Gestión de Carteras e Inversión Basada en Datos / Portfolio Management and Data-Driven Investing,Fall,Master,1-MTF,Unknown,Spanish,4.5,61.50,Finanzas de la Empresa,3,"Gestion de Carteras e Inversion Basada en Datos se alinea con seleccion de cartera, riesgo y valuacion de activos, aunque no reemplaza las finanzas corporativas integrales. Es Master y requiere permiso.",exchange_term,low,postgraduate,permission_required,spanish,unknown,conditional,course_offering_2026_2027_v1_1,regular_icai,,
DOI-OPT-614,Optativa Complementaria. Machine Learning for Engineers / Machine Learning for Engineers,Fall,Master,2-MII,Unknown,English,6.0,72.27,Sistemas de Inteligencia Artificial,3,"Machine Learning for Engineers cubre el componente no simbólico de aprendizaje y optimización, con gap en búsqueda heurística, lógica y sistemas expertos. Es Master y requiere permiso.",exchange_term,low,postgraduate,permission_required,english,unknown,conditional,course_offering_2026_2027_v1_1,regular_icai,,
DTC-MBD-511,Arquitectura Big Data / Big Data Architecture,Fall,Master,1-MBD,Unknown,Spanish,3.0,72.42,Programación de Objetos Distribuidos,3,"Arquitectura Big Data solapa con arquitecturas, datos y almacenamiento distribuido, pero no con todo el middleware y la programación de objetos distribuidos. Es Master y requiere permiso.",exchange_term,low,postgraduate,permission_required,spanish,unknown,conditional,course_offering_2026_2027_v1_1,regular_icai,,
DTC-MBD-511,Arquitectura Big Data / Big Data Architecture,Fall,Master,1-MBD,Unknown,Spanish,3.0,72.54,OLAP y Explotación de Datos,3,"Arquitectura Big Data es candidata para almacenamiento y explotación de datos masivos, con falta de evidencia de cubos OLAP. Es Master y requiere permiso.",exchange_term,low,postgraduate,permission_required,spanish,unknown,conditional,course_offering_2026_2027_v1_1,regular_icai,,
DTC-MBD-511,Arquitectura Big Data / Big Data Architecture,Fall,Master,1-MBD,Unknown,Spanish,3.0,73.84,Ciencia de Datos Aplicada,3,"Arquitectura Big Data comparte almacenamiento y arquitectura para datos a escala, pero no el ciclo completo de ciencia de datos aplicada. Es Master y requiere permiso.",exchange_term,low,postgraduate,permission_required,spanish,unknown,conditional,course_offering_2026_2027_v1_1,regular_icai,,
DTC-MBD-512,Big Data y Gobierno del Dato / Big Data and Data Governance,Fall,Master,2-MBD,Unknown,Spanish,3.0,72.54,OLAP y Explotación de Datos,3,"Big Data y Gobierno del Dato aporta gestión y organización del dato para analítica, aunque no es una asignatura OLAP explícita. Es Master y requiere permiso.",exchange_term,low,postgraduate,permission_required,spanish,unknown,conditional,course_offering_2026_2027_v1_1,regular_icai,,
DTC-MBD-512,Big Data y Gobierno del Dato / Big Data and Data Governance,Fall,Master,2-MBD,Unknown,Spanish,3.0,82.21,Factibilidad de Proyectos Data Driven,3,"Big Data y Gobierno del Dato se solapa con evaluación, calidad, gobierno y uso organizacional de datos para una solución data-driven, aunque no cubre necesariamente todo el análisis económico y legal de factibilidad. Es Master y requiere permiso.",exchange_term,low,postgraduate,permission_required,spanish,unknown,conditional,course_offering_2026_2027_v1_1,regular_icai,,
DTC-MBD-515,Tecnologías de Procesamiento Big Data / Big Data Processing Technologies,Fall,Master,2-MBD,Unknown,Spanish,7.5,72.42,Programación de Objetos Distribuidos,3,"Tecnologías de Procesamiento Big Data es candidata para procesamiento distribuido y almacenamiento a escala, con gaps en RPC, objetos distribuidos y concurrencia Java. Es Master y requiere permiso.",exchange_term,low,postgraduate,permission_required,spanish,unknown,conditional,course_offering_2026_2027_v1_1,regular_icai,,
DTC-MBD-515,Tecnologías de Procesamiento Big Data / Big Data Processing Technologies,Fall,Master,2-MBD,Unknown,Spanish,7.5,72.54,OLAP y Explotación de Datos,3,"Tecnologías de Procesamiento Big Data cubre procesamiento para explotación de datos a escala, con gap en diseño de esquemas multidimensionales y OLAP. Es Master y requiere permiso.",exchange_term,low,postgraduate,permission_required,spanish,unknown,conditional,course_offering_2026_2027_v1_1,regular_icai,,
DTC-MBD-515,Tecnologías de Procesamiento Big Data / Big Data Processing Technologies,Fall,Master,2-MBD,Unknown,Spanish,7.5,73.84,Ciencia de Datos Aplicada,3,"Tecnologías de Procesamiento Big Data se relaciona con procesamiento de grandes volúmenes, parcial para ciencia de datos aplicada. Es Master y requiere permiso.",exchange_term,low,postgraduate,permission_required,spanish,unknown,conditional,course_offering_2026_2027_v1_1,regular_icai,,
DTC-MBD-517,Adquisición y Transformación / Data Acquisition and Transformation,Fall,Master,1-MBD,Unknown,Spanish,3.0,48.02,AI: Data Management Course & Digital Transformation,3,"Adquisicion y Transformacion cubre procesos de adquisicion, integracion y transformacion de datos, con solapamiento fuerte en data management. Es Master y requiere permiso.",exchange_term,low,postgraduate,permission_required,spanish,unknown,conditional,course_offering_2026_2027_v1_1,regular_icai,,
DTC-MBD-517,Adquisición y Transformación / Data Acquisition and Transformation,Fall,Master,1-MBD,Unknown,Spanish,3.0,73.23,Programación Orientada a Datos,3,"Data Acquisition and Transformation cubre etapas de los pipelines de datos, parcialmente alineadas con programación orientada a datos. Es Master y requiere permiso.",exchange_term,low,postgraduate,permission_required,spanish,unknown,conditional,course_offering_2026_2027_v1_1,regular_icai,,
DTC-MCS-512,"Criptografía, Firma Electrónica y Blockchain / Cryptography, Digital Signature and Blockchain",Fall,Master,1-MCS,Unknown,Spanish,6.0,73.81,Ciberseguridad Ofensiva y Defensiva,3,"Criptografía, Firma Electrónica y Blockchain aporta fundamentos defensivos de seguridad, pero no seguridad ofensiva. Es Master y requiere permiso.",exchange_term,low,postgraduate,permission_required,spanish,unknown,conditional,course_offering_2026_2027_v1_1,regular_icai,,
DTC-MIINT-512,Deep Learning,Fall,Master,1-MIINT,Unknown,English,6.0,72.59,Sistemas de Inteligencia Artificial II,3,"Deep Learning es una especialización relevante de IA, parcial para el alcance general de IA II. Es Master y requiere permiso.",exchange_term,low,postgraduate,permission_required,english,unknown,conditional,course_offering_2026_2027_v1_1,regular_icai,,
DTC-MIINT-512,Deep Learning,Fall,Master,1-MIINT,Unknown,English,6.0,72.75,Aprendizaje Automático (Machine Learning),3,"Deep Learning es una especialización de aprendizaje automático, parcial frente al temario general. Es Master y requiere permiso.",exchange_term,low,postgraduate,permission_required,english,unknown,conditional,course_offering_2026_2027_v1_1,regular_icai,,
DTC-MIINT-512,Deep Learning,Fall,Master,1-MIINT,Unknown,English,6.0,72.88,Introducción a la Neurociencia Computacional,3,"Deep Learning coincide parcialmente por el uso de redes neuronales y modelos computacionales, pero no asegura neurociencia computacional. Es Master y requiere permiso.",exchange_term,low,postgraduate,permission_required,english,unknown,conditional,course_offering_2026_2027_v1_1,regular_icai,,
DTC-MIINT-512,Deep Learning,Fall,Master,1-MIINT,Unknown,English,6.0,73.61,Neurorobótica,3,"Deep Learning cubre la parte neuronal de neurorobótica, pero no el sistema robótico o su control integrado. Es Master y requiere permiso.",exchange_term,low,postgraduate,permission_required,english,unknown,conditional,course_offering_2026_2027_v1_1,regular_icai,,
DTC-MIINT-512,Deep Learning,Fall,Master,1-MIINT,Unknown,English,6.0,73.63,Redes Equivariantes,3,"Deep Learning aporta la base de redes neuronales, pero no confirma arquitecturas equivariantes específicas. Es Master y requiere permiso.",exchange_term,low,postgraduate,permission_required,english,unknown,conditional,course_offering_2026_2027_v1_1,regular_icai,,
DTC-MIT-512,Seguridad en Sistemas de Comunicación / Security in Communications Systems,Fall,Master,1-MIT,Unknown,Spanish,4.5,72.44,Criptografía y Seguridad,3,"Seguridad en Sistemas de Comunicación cubre el componente de seguridad en redes y protocolos, con gap en criptografía general y seguridad de bases de datos/sistemas operativos. Es Master y requiere permiso.",exchange_term,low,postgraduate,permission_required,spanish,unknown,conditional,course_offering_2026_2027_v1_1,regular_icai,,
DTC-MIT-512,Seguridad en Sistemas de Comunicación / Security in Communications Systems,Fall,Master,1-MIT,Unknown,Spanish,4.5,73.81,Ciberseguridad Ofensiva y Defensiva,3,"Seguridad en Sistemas de Comunicación es un parcial fuerte para la dimensión defensiva de ciberseguridad, no para técnicas ofensivas completas. Es Master y requiere permiso.",exchange_term,low,postgraduate,permission_required,spanish,unknown,conditional,course_offering_2026_2027_v1_1,regular_icai,,
DTC-MIT-515,Arquitectura de Servicios en Red / Architecture of Network Services,Fall,Master,1-MIT,Unknown,Spanish,6.0,72.28,Topología de Internet: Análisis y Modelado,3,"Arquitectura de servicios en red puede cubrir arquitectura y organización de redes, con gap en análisis y modelado de topología. Es Master y requiere permiso.",exchange_term,low,postgraduate,permission_required,spanish,unknown,conditional,course_offering_2026_2027_v1_1,regular_icai,,
DTC-MIT-515,Arquitectura de Servicios en Red / Architecture of Network Services,Fall,Master,1-MIT,Unknown,Spanish,6.0,72.42,Programación de Objetos Distribuidos,3,"Arquitectura de Servicios en Red cubre arquitectura cliente-servidor y servicios distribuidos, con gap en tolerancia a fallas, consistencia y procesamiento MapReduce. Es Master y requiere permiso.",exchange_term,low,postgraduate,permission_required,spanish,unknown,conditional,course_offering_2026_2027_v1_1,regular_icai,,
DTC-MIT-515,Arquitectura de Servicios en Red / Architecture of Network Services,Fall,Master,1-MIT,Unknown,Spanish,6.0,72.64,Cloud Computing,3,"Arquitectura de Servicios en Red cubre arquitectura de servicios distribuida y de red, parcial para Cloud Computing. Es Master y requiere permiso.",exchange_term,low,postgraduate,permission_required,spanish,unknown,conditional,course_offering_2026_2027_v1_1,regular_icai,,
DTC-MIT-515,Arquitectura de Servicios en Red / Architecture of Network Services,Fall,Master,1-MIT,Unknown,Spanish,6.0,72.71,Integración de Sistemas de Información,3,"Arquitectura de Servicios en Red se relaciona con integración de servicios de información, sin detallar integración general de sistemas. Es Master y requiere permiso.",exchange_term,low,postgraduate,permission_required,spanish,unknown,conditional,course_offering_2026_2027_v1_1,regular_icai,,
DTC-MIT-515,Arquitectura de Servicios en Red / Architecture of Network Services,Fall,Master,1-MIT,Unknown,Spanish,6.0,73.50,"Infraestructura de Cómputo: Data Center, Cloud y Edge",3,"Arquitectura de Servicios en Red cubre infraestructura de servicios de red; parcial fuerte para infraestructura de cómputo, aunque no acredita data center, cloud y edge completos. Es Master y requiere permiso.",exchange_term,low,postgraduate,permission_required,spanish,unknown,conditional,course_offering_2026_2027_v1_1,regular_icai,,
DCIA-MIA-501,Modelos Generativos Profundos / Deep Generative Models,All-year,Master,1-MIA,Unknown,Spanish,4.5,72.27,Sistemas de Inteligencia Artificial,3,"Modelos Generativos Profundos aporta el subbloque de redes profundas, GANs y modelos generativos, pero no la amplitud de Sistemas de IA. Es Master anual y requiere permiso.",exchange_term_all_year,medium,postgraduate,permission_required,spanish,unknown,conditional,course_offering_2026_2027_v1_1,regular_icai,,
DCIA-MIA-501,Modelos Generativos Profundos / Deep Generative Models,All-year,Master,1-MIA,Unknown,Spanish,4.5,72.59,Sistemas de Inteligencia Artificial II,3,"Modelos Generativos Profundos aporta IA avanzada especializada. Es All-year, 4.5 ECTS en Fall, Master y requiere permiso.",exchange_term_all_year,medium,postgraduate,permission_required,spanish,unknown,conditional,course_offering_2026_2027_v1_1,regular_icai,,
DCIA-MIA-501,Modelos Generativos Profundos / Deep Generative Models,All-year,Master,1-MIA,Unknown,Spanish,4.5,72.75,Aprendizaje Automático (Machine Learning),3,"Modelos Generativos Profundos aporta aprendizaje profundo especializado. Es All-year, 4.5 ECTS en Fall, Master y requiere permiso.",exchange_term_all_year,medium,postgraduate,permission_required,spanish,unknown,conditional,course_offering_2026_2027_v1_1,regular_icai,,
DCIA-MIA-501,Modelos Generativos Profundos / Deep Generative Models,All-year,Master,1-MIA,Unknown,Spanish,4.5,73.63,Redes Equivariantes,3,"Modelos Generativos Profundos se solapa con redes profundas avanzadas, aunque no especifica redes equivariantes. Es All-year, Master y requiere permiso.",exchange_term_all_year,medium,postgraduate,permission_required,spanish,unknown,conditional,course_offering_2026_2027_v1_1,regular_icai,,
DCIA-MIA-501,Modelos Generativos Profundos / Deep Generative Models,All-year,Master,1-MIA,Unknown,Spanish,4.5,73.64,Temas Avanzados en Deep Learning,3,"Modelos Generativos Profundos cubre una especialidad avanzada de deep learning, pero no la amplitud de temas avanzados general. Es All-year, Master y requiere permiso.",exchange_term_all_year,medium,postgraduate,permission_required,spanish,unknown,conditional,course_offering_2026_2027_v1_1,regular_icai,,
DCIA-IMAT-212,Adquisición y Visualización de Datos / Data Acquisition and Visualization,Fall,Undergraduate,2-IMAT,Unknown,Spanish,6.0,72.78,OLAP Espacial,2,"Adquisición y Visualización de Datos comparte análisis y visualización, no OLAP ni componentes espaciales.",exchange_term,low,undergraduate,standard,spanish,unknown,backup_only,course_offering_2026_2027_v1_1,regular_icai,,
DEA-GITI-313,Sistemas Dinámicos / Dynamic Systems,Fall,Undergraduate,3-GITI,Unknown,Spanish,6.0,72.25,Simulación de Sistemas,2,"Sistemas Dinámicos aporta modelado de sistemas continuos, pero no evidencia la metodología integral de simulación discreta/probabilística de ITBA.",exchange_term,low,undergraduate,standard,spanish,unknown,backup_only,course_offering_2026_2027_v1_1,regular_icai,,
DEA-GITT-214,Sistemas Digitales I / Digital Systems I,Fall,Undergraduate,2-GITT,Unknown,Spanish,6.0,72.57,Sistemas Embebidos,2,"Sistemas Digitales I cubre fundamentos digitales, una base parcial frente a sistemas embebidos.",exchange_term,low,undergraduate,standard,spanish,unknown,backup_only,course_offering_2026_2027_v1_1,regular_icai,,
DEA-GITT-214,Sistemas Digitales I / Digital Systems I,Fall,Undergraduate,2-GITT,Unknown,Spanish,6.0,72.66,Sistemas Embebidos,2,"Sistemas Digitales I cubre fundamentos digitales, una base parcial frente a sistemas embebidos.",exchange_term,low,undergraduate,standard,spanish,unknown,backup_only,course_offering_2026_2027_v1_1,regular_icai,,
DEAC-IMAT-312,Sistemas de Control / Control Systems,Fall,Undergraduate,3-IMAT,Unknown,Spanish,6.0,73.60,Introducción a la Robótica Empresarial,2,"Sistemas de Control aporta una base técnica para robótica, pero no aborda por sí sola la integración empresarial ni la robótica aplicada.",exchange_term,low,undergraduate,standard,spanish,unknown,backup_only,course_offering_2026_2027_v1_1,regular_icai,,
DEAC-IMAT-313,Visión por Ordenador I / Computer Vision I,Fall,Undergraduate,3-IMAT,Unknown,Spanish,4.5,81.74,Introducción a la realidad aumentada,2,"Visión por Ordenador I puede cubrir una base técnica de percepción visual útil para realidad aumentada, pero no evidencia ARCore, Unity, interacción ni creación de experiencias AR; candidato parcial-débil.",exchange_term,low,undergraduate,standard,spanish,unknown,backup_only,course_offering_2026_2027_v1_1,regular_icai,,
DER-ADE-215,Marco Jurídico de la Empresa / Business Legal Framework,Fall,Undergraduate,2-ADE,Unknown,Spanish,6.0,61.08,Derecho Digital,2,"Business Legal Framework aporta marco juridico empresarial aplicable a actividades tecnologicas, pero no garantiza cobertura especifica de privacidad, blockchain o ciberdelitos.",exchange_term,low,undergraduate,standard,spanish,unknown,backup_only,course_offering_2026_2027_v1_1,regular_icai,,
DER-ADE-215,Marco Jurídico de la Empresa / Business Legal Framework,Fall,Undergraduate,2-ADE,Unknown,Spanish,6.0,61.11,Derecho Laboral y Seguridad Social en la Empresa,2,"Business Legal Framework puede aportar bases juridicas empresariales, pero no hay evidencia de cobertura especifica de contratacion laboral, extincion y seguridad social.",exchange_term,low,undergraduate,standard,spanish,unknown,backup_only,course_offering_2026_2027_v1_1,regular_icai,,
DER-ADE-215,Marco Jurídico de la Empresa / Business Legal Framework,Fall,Undergraduate,2-ADE,Unknown,Spanish,6.0,94.62,Ética en los Negocios,2,"Marco Jurídico de la Empresa puede cubrir el componente legal y normativo de la actividad empresarial, pero no el núcleo ético y deontológico de la materia ITBA.",exchange_term,low,undergraduate,standard,spanish,unknown,backup_only,course_offering_2026_2027_v1_1,regular_icai,,
DIM-GITI-121,Expresión Gráfica / Engineering Drawing and CAD,Fall,Undergraduate,1-GITI,Unknown,Spanish,7.5,23.15,Realidad Virtual,2,"Engineering Drawing and CAD comparte el modelado y la representacion 3D, pero no cubre claramente realidad virtual, rendering en tiempo real ni diseno de interaccion inmersiva.",exchange_term,low,undergraduate,standard,spanish,unknown,backup_only,course_offering_2026_2027_v1_1,regular_icai,,
DIM-GITI-421,Ingeniería Medioambiental / Environmental Engineering,Fall,Undergraduate,4-GITI,Unknown,Spanish,4.5,12.83,Seguridad Ocupacional y Ambiental,2,"Ingenieria Medioambiental solapa con gestion e impacto ambiental, pero no cubre claramente higiene, seguridad ocupacional ni la normativa laboral de ITBA.",exchange_term,low,undergraduate,standard,spanish,unknown,backup_only,course_offering_2026_2027_v1_1,regular_icai,,
DIM-SAP-346,Environmental Engineering & Sustainability,Fall,Undergraduate,1-SAPIENS,Unknown,English,6.0,12.83,Seguridad Ocupacional y Ambiental,2,"Environmental Engineering & Sustainability cubre la componente ambiental y de sostenibilidad; la parte de seguridad e higiene ocupacional queda fuera, por lo que es un match parcial debil.",exchange_term,low,undergraduate,standard,english,unknown,backup_only,course_offering_2026_2027_v1_1,sapiens,,
DMA-IMAT-311,Geometría Computacional / Computational Geometry,Fall,Undergraduate,3-IMAT,Unknown,Spanish,4.5,72.53,Visión Computacional 3D,2,"Geometría Computacional aporta una base parcial para los aspectos geométricos de visión 3D, pero no cubre por sí sola visión computacional.",exchange_term,low,undergraduate,standard,spanish,unknown,backup_only,course_offering_2026_2027_v1_1,regular_icai,,
DOI-DHPCP-202,Técnicas de Comunicación Personal / Personal Communication Techniques,Fall,Undergraduate,2-DHP,Unknown,Spanish,3.0,81.16,Negociación,2,"Técnicas de Comunicación Personal puede aportar comunicación interpersonal para negociar, pero el catálogo no acredita un módulo específico de negociación; candidato parcial-débil. Es grado y figura con asignación pendiente.",exchange_term,low,undergraduate,standard,spanish,unknown,backup_only,course_offering_2026_2027_v1_1,regular_icai,,
DOI-DHPCP-301,Pensamiento Crítico / Critical Thinking,Fall,Undergraduate,3-DHP,Unknown,Spanish,2.0,81.13,Futuros Posibles,2,"Pensamiento Crítico comparte una competencia central de Futuros Posibles, pero no metodologías de prospectiva, escenarios o backcasting.",exchange_term,low,undergraduate,standard,spanish,unknown,backup_only,course_offering_2026_2027_v1_1,regular_icai,,
DOI-DHPCP-402,Liderazgo Ignaciano / Ignatian Leadership,Fall,Undergraduate,4-DHP,Unknown,Spanish,2.0,94.42,Comunicación Estratégica,2,"Liderazgo Ignaciano aporta trabajo con personas y liderazgo, componentes secundarios de la comunicación estratégica, pero no sustituye su contenido central. Es grado y figura con asignación pendiente.",exchange_term,low,undergraduate,standard,spanish,unknown,backup_only,course_offering_2026_2027_v1_1,regular_icai,,
DTC-GITI-112,Fundamentos de informática / Fundamentals of Computer Science,Fall,Undergraduate,1-GITI,Unknown,Spanish,7.5,72.02,Organización Básica de la Computadora,2,"Fundamentos de Informatica puede aportar bases de computacion, pero por su denominacion no confirma una cobertura suficiente de organizacion de computadora; es candidato debil.",exchange_term,low,undergraduate,standard,spanish,unknown,backup_only,course_offering_2026_2027_v1_1,regular_icai,,
DTC-GITT-315,Ingeniería del Software / Software Engineering,Fall,Undergraduate,3-GITT,Unknown,Spanish,6.0,72.72,Análisis y Verificación de Modelos y Códigos,2,"Ingeniería del Software se relaciona con análisis y calidad de código, no con verificación formal explícita.",exchange_term,low,undergraduate,standard,spanish,unknown,backup_only,course_offering_2026_2027_v1_1,regular_icai,,
DTC-GITT-315,Ingeniería del Software / Software Engineering,Fall,Undergraduate,3-GITT,Unknown,Spanish,6.0,72.77,Técnicas Automáticas para Testing de Software,2,"Ingeniería del Software se relaciona con calidad y pruebas, pero no confirma técnicas automáticas de testing.",exchange_term,low,undergraduate,standard,spanish,unknown,backup_only,course_offering_2026_2027_v1_1,regular_icai,,
DTC-GITT-315,Ingeniería del Software / Software Engineering,Fall,Undergraduate,3-GITT,Unknown,Spanish,6.0,73.22,Fundamentos de DevOps,2,"Ingeniería del Software puede cubrir procesos y calidad de desarrollo, pero el catálogo no confirma CI/CD, infraestructura ni prácticas DevOps.",exchange_term,low,undergraduate,standard,spanish,unknown,backup_only,course_offering_2026_2027_v1_1,regular_icai,,
DTC-IMAT-215,Fundamentos de los Sistemas Operativos / Operating Systems Fundamentals,Fall,Undergraduate,2-IMAT,Unknown,Spanish,6.0,72.42,Programación de Objetos Distribuidos,2,"Fundamentos de Sistemas Operativos aporta concurrencia, procesos y sincronización, pero no el núcleo de sistemas distribuidos.",exchange_term,low,undergraduate,standard,spanish,unknown,backup_only,course_offering_2026_2027_v1_1,regular_icai,,
DTC-IMAT-315,Paradigmas y Técnicas de Programación / Programming Paradigms and Techniques,Fall,Undergraduate,3-IMAT,Unknown,Spanish,6.0,72.29,Tipos para Lenguajes de Programación,2,"Paradigmas y Técnicas de Programación puede tratar abstracciones y sistemas de tipos entre paradigmas, pero no hay evidencia de profundidad en teoría de tipos.",exchange_term,low,undergraduate,standard,spanish,unknown,backup_only,course_offering_2026_2027_v1_1,regular_icai,,
DTC-IMAT-315,Paradigmas y Técnicas de Programación / Programming Paradigms and Techniques,Fall,Undergraduate,3-IMAT,Unknown,Spanish,6.0,72.72,Análisis y Verificación de Modelos y Códigos,2,"Paradigmas y Técnicas de Programación puede aportar análisis de programas, no confirma verificación de modelos o código.",exchange_term,low,undergraduate,standard,spanish,unknown,backup_only,course_offering_2026_2027_v1_1,regular_icai,,
DTC-IMAT-423,Tecnologías para la Digitalización / Technologies for Digital Transformation,Fall,Undergraduate,4-IMAT,Unknown,Spanish,6.0,72.56,Automatización e Integración de Sistemas de Información,2,Tecnologías para la Digitalización se relaciona parcialmente con integración de procesos y sistemas; el alcance no se detalla.,exchange_term,low,undergraduate,standard,spanish,unknown,backup_only,course_offering_2026_2027_v1_1,regular_icai,,
DTC-SAP-333,Machine Learning and Artificial Intelligence with Python,Fall,Undergraduate,1-SAPIENS,Unknown,English,6.0,73.65,Procesamiento del Lenguaje Natural,2,"Machine Learning and Artificial Intelligence with Python menciona NLP, pero es una introducción amplia y no una materia dedicada a procesamiento de lenguaje natural.",exchange_term,low,undergraduate,standard,english,unknown,backup_only,course_offering_2026_2027_v1_1,sapiens,,
DTC-SAP-333,Machine Learning and Artificial Intelligence with Python,Fall,Undergraduate,1-SAPIENS,Unknown,English,6.0,73.66,Procesamiento de Imágenes Satelitales,2,"La introducción a ML/IA con Python incluye visión por ordenador, pero el alcance es general e introductorio frente al procesamiento satelital.",exchange_term,low,undergraduate,standard,english,unknown,backup_only,course_offering_2026_2027_v1_1,sapiens,,
FCEE-BA-512,Mercados Financieros Internacionales / International Financial Markets,Fall,Undergraduate,6-BA,Unknown,English,3.0,61.50,Finanzas de la Empresa,2,"Mercados Financieros Internacionales cubre la componente de mercados de capital y analisis de activos, pero es solo una parte de Finanzas de la Empresa.",exchange_term,low,undergraduate,standard,english,unknown,backup_only,course_offering_2026_2027_v1_1,regular_icai,,
FCEE-BA-515,Derivados Financieros / Financial Derivatives,Fall,Undergraduate,6-BA,Unknown,English,3.0,61.50,Finanzas de la Empresa,2,"Derivados Financieros coincide con una unidad importante del programa ITBA, pero no cubre por si sola gestion financiera, estructura de capital ni valuacion de empresas.",exchange_term,low,undergraduate,standard,english,unknown,backup_only,course_offering_2026_2027_v1_1,regular_icai,,
FCEE-BA23-311,Diseño y Generación de Valor para el Cliente / Design and Delivery of Value for Customers,Fall,Undergraduate,3-BA,Unknown,English,6.0,73.30,Desarrollo profesional de software: del código al producto,2,"Diseño y Generación de Valor para el Cliente conecta con la dimensión de producto y usuarios, pero no con el ciclo completo de desarrollo de software.",exchange_term,low,undergraduate,standard,english,unknown,backup_only,course_offering_2026_2027_v1_1,regular_icai,,
FCEE-BA23-414,Matermáticas Financieras / Financial Mathematics,Fall,Undergraduate,4-BA,Unknown,Spanish,3.0,61.50,Finanzas de la Empresa,2,"Matematicas Financieras aporta las herramientas para valorar flujos y activos, pero es una cobertura parcial de Finanzas de la Empresa.",exchange_term,low,undergraduate,standard,spanish,unknown,backup_only,course_offering_2026_2027_v1_1,regular_icai,,
TEO-GITT-111,Cristianismo y Ética Social / Christianism and Social Ethics,Fall,Undergraduate,1-GITT,Unknown,Spanish,6.0,94.62,Ética en los Negocios,2,"Cristianismo y Ética Social aporta reflexión ética y social, pero no evidencia ética de negocios, derecho empresarial ni responsabilidad corporativa; candidato parcial-débil.",exchange_term,low,undergraduate,standard,spanish,unknown,backup_only,course_offering_2026_2027_v1_1,regular_icai,,
DCIA-MIA-516,Ingeniería de Modelos / Artificial Intelligence Operations,Fall,Master,1-MIA,Unknown,Spanish,6.0,73.40,ARQUITECTURA DE MICROSERVICIOS,2,"Artificial Intelligence Operations puede solapar con operación y despliegue de servicios, pero está orientada a IA y no garantiza la arquitectura de microservicios completa. Es Master y requiere permiso.",exchange_term,low,postgraduate,permission_required,spanish,unknown,backup_only,course_offering_2026_2027_v1_1,regular_icai,,
DCIA-MIA-516,Ingeniería de Modelos / Artificial Intelligence Operations,Fall,Master,1-MIA,Unknown,Spanish,6.0,73.50,"Infraestructura de Cómputo: Data Center, Cloud y Edge",2,"Artificial Intelligence Operations se relaciona con operación de infraestructura para modelos, pero no especifica cloud, data center o edge. Es Master y requiere permiso.",exchange_term,low,postgraduate,permission_required,spanish,unknown,backup_only,course_offering_2026_2027_v1_1,regular_icai,,
DCIA-MUIAA-511,Agentes y Métodos de Inteligencia Artificial / Artificial Intelligence Agents and Methods,Fall,Master,1-MIAA,Unknown,Spanish,6.0,72.46,Robótica Basada en Comportamiento,2,"Agentes y Métodos de IA puede aportar agentes autónomos aplicables a robótica basada en comportamiento, pero no reemplaza una asignatura específica de robótica. Es Master y requiere permiso.",exchange_term,low,postgraduate,permission_required,spanish,unknown,backup_only,course_offering_2026_2027_v1_1,regular_icai,,
DCIA-MUIAA-515,Ingeniería del Dato / Data Engineering,Fall,Master,1-MIAA,Unknown,Spanish,6.0,72.71,Integración de Sistemas de Información,2,"Ingeniería del Dato comparte integración de datos y sistemas de información, con alcance centrado en datos. Es Master y requiere permiso.",exchange_term,low,postgraduate,permission_required,spanish,unknown,backup_only,course_offering_2026_2027_v1_1,regular_icai,,
DCIA-MUIAA-515,Ingeniería del Dato / Data Engineering,Fall,Master,1-MIAA,Unknown,Spanish,6.0,73.82,Bases de Datos Espaciales y de Movilidad,2,"Ingeniería del Dato se relaciona con el manejo de datos, pero no confirma bases espaciales o de movilidad. Es Master y requiere permiso.",exchange_term,low,postgraduate,permission_required,spanish,unknown,backup_only,course_offering_2026_2027_v1_1,regular_icai,,
DCIA-MUIAA-516,Operación de Modelos / MLOps,Fall,Master,1-MIAA,Unknown,Spanish,6.0,72.79,Sistemas Multiagente I,2,"MLOps solapa con el despliegue, evaluación y operación de modelos/agentes, pero no con la coordinación multiagente. Es Master y requiere permiso.",exchange_term,low,postgraduate,permission_required,spanish,unknown,backup_only,course_offering_2026_2027_v1_1,regular_icai,,
DCIA-MUIAA-516,Operación de Modelos / MLOps,Fall,Master,1-MIAA,Unknown,Spanish,6.0,73.40,ARQUITECTURA DE MICROSERVICIOS,2,"MLOps comparte automatización y operación de servicios/modelos, parcial débil para microservicios sin evidencia específica de contenedores ni comunicación distribuida. Es Master y requiere permiso.",exchange_term,low,postgraduate,permission_required,spanish,unknown,backup_only,course_offering_2026_2027_v1_1,regular_icai,,
DCIA-MUIAA-516,Operación de Modelos / MLOps,Fall,Master,1-MIAA,Unknown,Spanish,6.0,73.50,"Infraestructura de Cómputo: Data Center, Cloud y Edge",2,"MLOps puede incluir infraestructura de despliegue y operación, pero el alcance de cloud, data center y edge no está confirmado. Es Master y requiere permiso.",exchange_term,low,postgraduate,permission_required,spanish,unknown,backup_only,course_offering_2026_2027_v1_1,regular_icai,,
DCIA-MUIAA-516,Operación de Modelos / MLOps,Fall,Master,1-MIAA,Unknown,Spanish,6.0,73.84,Ciencia de Datos Aplicada,2,"MLOps se relaciona con la integración productiva de modelos, pero no cubre el ciclo completo de ciencia de datos aplicada. Es Master y requiere permiso.",exchange_term,low,postgraduate,permission_required,spanish,unknown,backup_only,course_offering_2026_2027_v1_1,regular_icai,,
DCIA-MUIINT-111,Database Design,Fall,Master,1-MIINT,Unknown,English,4.5,73.82,Bases de Datos Espaciales y de Movilidad,2,"Database Design aporta fundamentos de diseño de bases de datos, pero no extensiones espaciales, MobilityDB ni análisis de trayectorias. Es Master y requiere permiso.",exchange_term,low,postgraduate,permission_required,english,unknown,backup_only,course_offering_2026_2027_v1_1,regular_icai,,
DEAC-MCS-511,Ciberseguridad en la Industria e Infraestructuras Críticas / Industrial Cybersecurity and Critical Infrastructure,Fall,Master,2-MCS,Unknown,Spanish,3.0,73.80,SEGURIDAD OFENSIVA,2,"Ciberseguridad en Industria e Infraestructuras Críticas aporta contexto defensivo de ciberseguridad, pero no práctica ofensiva explícita. Es Master y requiere permiso.",exchange_term,low,postgraduate,permission_required,spanish,unknown,backup_only,course_offering_2026_2027_v1_1,regular_icai,,
DEAC-MII-632,Automatización Avanzada / Advanced Automation,Fall,Master,2-MII,Unknown,Spanish,4.5,16.57,Robótica Bioinspirada,2,"Automatizacion Avanzada comparte control y automatizacion de sistemas fisicos con robotica, aunque falta el enfoque bioinspirado y de cognicion embebida. Es Master y requiere permiso.",exchange_term,low,postgraduate,permission_required,spanish,unknown,backup_only,course_offering_2026_2027_v1_1,regular_icai,,
DEAC-MII-632,Automatización Avanzada / Advanced Automation,Fall,Master,2-MII,Unknown,Spanish,4.5,72.56,Automatización e Integración de Sistemas de Información,2,"Automatización Avanzada coincide en automatización, pero su foco industrial no confirma integración de sistemas de información. Es Master y requiere permiso.",exchange_term,low,postgraduate,permission_required,spanish,unknown,backup_only,course_offering_2026_2027_v1_1,regular_icai,,
DEAC-MUIINT-112,Internet of Things,Fall,Master,1-MIINT,Unknown,English,4.5,72.94,Introducción a los Sistemas Embebidos,2,"Internet of Things usa dispositivos conectados y puede incluir componentes embebidos, pero no sustituye una introducción integral a sistemas embebidos. Es Master y requiere permiso.",exchange_term,low,postgraduate,permission_required,english,unknown,backup_only,course_offering_2026_2027_v1_1,regular_icai,,
DEAC-MUIINT-112,Internet of Things,Fall,Master,1-MIINT,Unknown,English,4.5,73.50,"Infraestructura de Cómputo: Data Center, Cloud y Edge",2,"Internet of Things aporta la dimensión de dispositivos conectados y edge, pero no cubre de forma integral data center ni cloud. Es Master y requiere permiso.",exchange_term,low,postgraduate,permission_required,english,unknown,backup_only,course_offering_2026_2027_v1_1,regular_icai,,
DIM-MII-516,Robotica Industrial / Industrial Robotics,Fall,Master,1-MII,Unknown,Spanish,4.5,16.57,Robótica Bioinspirada,2,"Robotica Industrial comparte diseno e implementacion de sistemas roboticos, pero no cubre explicitamente bioinspiracion, sistemas biologicos ni interaccion humano-robot. Es Master y requiere permiso.",exchange_term,low,postgraduate,permission_required,spanish,unknown,backup_only,course_offering_2026_2027_v1_1,regular_icai,,
DIM-MII-516,Robotica Industrial / Industrial Robotics,Fall,Master,1-MII,Unknown,Spanish,4.5,72.73,Aprendizaje por Refuerzo en Robótica,2,"Robótica Industrial cubre el dominio de aplicación, no incluye explícitamente aprendizaje por refuerzo. Es Master y requiere permiso.",exchange_term,low,postgraduate,permission_required,spanish,unknown,backup_only,course_offering_2026_2027_v1_1,regular_icai,,
DIM-MII-516,Robotica Industrial / Industrial Robotics,Fall,Master,1-MII,Unknown,Spanish,4.5,73.61,Neurorobótica,2,"Robótica Industrial cubre el dominio robótico, pero no evidencia componentes neuronales o de aprendizaje propios de neurorobótica. Es Master y requiere permiso.",exchange_term,low,postgraduate,permission_required,spanish,unknown,backup_only,course_offering_2026_2027_v1_1,regular_icai,,
DIM-MII-612,Simulación Multifísica / Multiphysics Simulation,Fall,Master,2-MII,Unknown,Spanish,6.0,72.25,Simulación de Sistemas,2,"Simulación Multifísica comparte el uso de modelos y herramientas de simulación, aunque es una aplicación de ingeniería física más acotada. Es Master y requiere permiso.",exchange_term,low,postgraduate,permission_required,spanish,unknown,backup_only,course_offering_2026_2027_v1_1,regular_icai,,
DIM-OPT-611,Optativa Complementaria. Sustainable Development / Sustainable Development,Fall,Master,2-MII,Unknown,English,6.0,12.83,Seguridad Ocupacional y Ambiental,2,"Sustainable Development aporta la dimension ambiental y de gestion responsable, pero no equivale a seguridad ocupacional ni a sistemas ISO 14001 completos. Es Master y requiere permiso.",exchange_term,low,postgraduate,permission_required,english,unknown,backup_only,course_offering_2026_2027_v1_1,regular_icai,,
DOI-MII-613,Emprendimiento e Innovación / Entrepreneurship and Innovation,Fall,Master,2-MII,Unknown,English,6.0,81.14,Product Management,2,"Emprendimiento e Innovación comparte oportunidades y validación de soluciones, pero no cubre explícitamente la gestión de producto de software. Es Master y requiere permiso.",exchange_term,low,postgraduate,permission_required,english,unknown,backup_only,course_offering_2026_2027_v1_1,regular_icai,,
DOI-MII-613,Emprendimiento e Innovación / Entrepreneurship and Innovation,Fall,Master,2-MII,Unknown,English,6.0,81.94,Experiencia Inmersiva de Innovación Tecnológica,2,"Emprendimiento e Innovación se relaciona con la vertiente de innovación tecnológica, pero no hay contenidos ITBA para verificar el componente inmersivo o experiencial. Es Master y requiere permiso.",exchange_term,low,postgraduate,permission_required,english,unknown,backup_only,course_offering_2026_2027_v1_1,regular_icai,,
DOI-MII-681,Dirección de Proyectos / Project Management,Fall,Master,2-MII,Unknown,English / Spanish,3.0,82.21,Factibilidad de Proyectos Data Driven,2,"Dirección de Proyectos aporta planificación, responsables e hitos del ciclo de proyecto, pero no contiene por título el análisis de datos ni la factibilidad técnica específica. Es Master y requiere permiso.",exchange_term,low,postgraduate,permission_required,english_or_spanish,unknown,backup_only,course_offering_2026_2027_v1_1,regular_icai,,
DOI-MTF-511,"Fundamentos de Tecnologías Financieras, Pagos y Banca Digital / Fundamentals of Financial Technologies, Payments and Digital Banking",Fall,Master,1-MTF,Unknown,Spanish,4.5,73.89,Introducción a Blockchain y Criptomonedas,2,"Fundamentos de Tecnologías Financieras, Pagos y Banca Digital aporta contexto financiero digital, pero no garantiza contenidos de blockchain. Es Master y requiere permiso.",exchange_term,low,postgraduate,permission_required,spanish,unknown,backup_only,course_offering_2026_2027_v1_1,regular_icai,,
DTC-MBD-511,Arquitectura Big Data / Big Data Architecture,Fall,Master,1-MBD,Unknown,Spanish,3.0,72.41,Base de Datos II,2,"Arquitectura Big Data cubre parte de las tendencias de datos masivos y NoSQL, pero no el núcleo completo de Base de Datos II. Es Master y requiere permiso.",exchange_term,low,postgraduate,permission_required,spanish,unknown,backup_only,course_offering_2026_2027_v1_1,regular_icai,,
DTC-MBD-511,Arquitectura Big Data / Big Data Architecture,Fall,Master,1-MBD,Unknown,Spanish,3.0,72.64,Cloud Computing,2,"Arquitectura Big Data comparte infraestructura escalable, pero no confirma contenido específico de cloud. Es Master y requiere permiso.",exchange_term,low,postgraduate,permission_required,spanish,unknown,backup_only,course_offering_2026_2027_v1_1,regular_icai,,
DTC-MBD-511,Arquitectura Big Data / Big Data Architecture,Fall,Master,1-MBD,Unknown,Spanish,3.0,72.82,Tópicos de NOSQL,2,"Arquitectura Big Data puede incluir decisiones de almacenamiento no relacional, pero el catálogo no declara contenidos específicos de NoSQL. Es Master y requiere permiso.",exchange_term,low,postgraduate,permission_required,spanish,unknown,backup_only,course_offering_2026_2027_v1_1,regular_icai,,
DTC-MBD-511,Arquitectura Big Data / Big Data Architecture,Fall,Master,1-MBD,Unknown,Spanish,3.0,72.92,El Paradigma NoSQL - Bases de Datos de Grafos,2,"Arquitectura Big Data puede solapar con almacenamiento no relacional, pero no confirma bases de grafos, RDF ni consultas de grafos. Es Master y requiere permiso.",exchange_term,low,postgraduate,permission_required,spanish,unknown,backup_only,course_offering_2026_2027_v1_1,regular_icai,,
DTC-MBD-511,Arquitectura Big Data / Big Data Architecture,Fall,Master,1-MBD,Unknown,Spanish,3.0,82.21,Factibilidad de Proyectos Data Driven,2,"Arquitectura Big Data aporta decisiones de arquitectura e infraestructura para soluciones basadas en datos, pero cubre sólo una parte técnica de la factibilidad de proyecto. Es Master y requiere permiso.",exchange_term,low,postgraduate,permission_required,spanish,unknown,backup_only,course_offering_2026_2027_v1_1,regular_icai,,
DTC-MBD-512,Big Data y Gobierno del Dato / Big Data and Data Governance,Fall,Master,2-MBD,Unknown,Spanish,3.0,72.78,OLAP Espacial,2,"Big Data y Gobierno del Dato se relaciona con gestión analítica, no confirma OLAP ni información espacial. Es Master y requiere permiso.",exchange_term,low,postgraduate,permission_required,spanish,unknown,backup_only,course_offering_2026_2027_v1_1,regular_icai,,
DTC-MBD-512,Big Data y Gobierno del Dato / Big Data and Data Governance,Fall,Master,2-MBD,Unknown,Spanish,3.0,72.80,Big Data,2,"Big Data y Gobierno del Dato aporta una parte de gestión de datos masivos, pero no el núcleo de procesamiento distribuido de ITBA. Es Master y requiere permiso.",exchange_term,low,postgraduate,permission_required,spanish,unknown,backup_only,course_offering_2026_2027_v1_1,regular_icai,,
DTC-MBD-517,Adquisición y Transformación / Data Acquisition and Transformation,Fall,Master,1-MBD,Unknown,Spanish,3.0,72.71,Integración de Sistemas de Información,2,"Adquisición y Transformación de Datos cubre integración de flujos de datos, parcial frente a integración general. Es Master y requiere permiso.",exchange_term,low,postgraduate,permission_required,spanish,unknown,backup_only,course_offering_2026_2027_v1_1,regular_icai,,
DTC-MBD-517,Adquisición y Transformación / Data Acquisition and Transformation,Fall,Master,1-MBD,Unknown,Spanish,3.0,82.21,Factibilidad de Proyectos Data Driven,2,"Adquisición y Transformación se relaciona con comprobar disponibilidad y preparación de datos, pero no cubre por sí sola viabilidad legal, económica, gestión ni go-live. Es Master y requiere permiso.",exchange_term,low,postgraduate,permission_required,spanish,unknown,backup_only,course_offering_2026_2027_v1_1,regular_icai,,
DTC-MCS-512,"Criptografía, Firma Electrónica y Blockchain / Cryptography, Digital Signature and Blockchain",Fall,Master,1-MCS,Unknown,Spanish,6.0,61.08,Derecho Digital,2,"Criptografia, Firma Electronica y Blockchain cubre una tecnologia mencionada en Derecho Digital, pero no el marco juridico amplio de privacidad, propiedad intelectual y delitos informaticos. Es Master y requiere permiso.",exchange_term,low,postgraduate,permission_required,spanish,unknown,backup_only,course_offering_2026_2027_v1_1,regular_icai,,
DTC-MCS-512,"Criptografía, Firma Electrónica y Blockchain / Cryptography, Digital Signature and Blockchain",Fall,Master,1-MCS,Unknown,Spanish,6.0,72.69,Seguridad de Software basada en Flujo de Información,2,"Criptografía, Firma Electrónica y Blockchain comparte seguridad de la información, no análisis de flujos. Es Master y requiere permiso.",exchange_term,low,postgraduate,permission_required,spanish,unknown,backup_only,course_offering_2026_2027_v1_1,regular_icai,,
DTC-MCS-513,"Gobierno, Riesgo y Cumplimiento de la Seguridad / Governance, Risk and Compliance",Fall,Master,2-MCS,Unknown,Spanish,6.0,61.08,Derecho Digital,2,"Gobierno, Riesgo y Cumplimiento de la Seguridad solapa con cumplimiento y regulacion tecnologica, pero su foco es gestion de ciberseguridad y no derecho digital integral. Es Master y requiere permiso.",exchange_term,low,postgraduate,permission_required,spanish,unknown,backup_only,course_offering_2026_2027_v1_1,regular_icai,,
DTC-MCS-513,"Gobierno, Riesgo y Cumplimiento de la Seguridad / Governance, Risk and Compliance",Fall,Master,2-MCS,Unknown,Spanish,6.0,73.81,Ciberseguridad Ofensiva y Defensiva,2,"Gobierno, Riesgo y Cumplimiento aporta la gestión defensiva de la seguridad, pero no cubre habilidades técnicas ofensivas/defensivas integrales. Es Master y requiere permiso.",exchange_term,low,postgraduate,permission_required,spanish,unknown,backup_only,course_offering_2026_2027_v1_1,regular_icai,,
DTC-MCS-516,Test de Intrusión y Gestión de Vulnerabilidades / Penetration Testing and Vulnerability Management,Fall,Master,2-MCS,Unknown,Spanish,3.0,72.69,Seguridad de Software basada en Flujo de Información,2,"Test de Intrusión y Gestión de Vulnerabilidades coincide en seguridad de software, no en seguridad basada en flujo. Es Master y requiere permiso.",exchange_term,low,postgraduate,permission_required,spanish,unknown,backup_only,course_offering_2026_2027_v1_1,regular_icai,,
DTC-MCS-516,Test de Intrusión y Gestión de Vulnerabilidades / Penetration Testing and Vulnerability Management,Fall,Master,2-MCS,Unknown,Spanish,3.0,72.77,Técnicas Automáticas para Testing de Software,2,"Test de Intrusión y Gestión de Vulnerabilidades usa pruebas de seguridad, no testing automático general. Es Master y requiere permiso.",exchange_term,low,postgraduate,permission_required,spanish,unknown,backup_only,course_offering_2026_2027_v1_1,regular_icai,,
DTC-MIT-512,Seguridad en Sistemas de Comunicación / Security in Communications Systems,Fall,Master,1-MIT,Unknown,Spanish,4.5,72.69,Seguridad de Software basada en Flujo de Información,2,"Seguridad en Sistemas de Comunicación aporta seguridad de sistemas, no análisis de flujo de información. Es Master y requiere permiso.",exchange_term,low,postgraduate,permission_required,spanish,unknown,backup_only,course_offering_2026_2027_v1_1,regular_icai,,
DTC-MIT-512,Seguridad en Sistemas de Comunicación / Security in Communications Systems,Fall,Master,1-MIT,Unknown,Spanish,4.5,73.80,SEGURIDAD OFENSIVA,2,"Seguridad en Sistemas de Comunicación cubre seguridad aplicada a comunicaciones, pero no pruebas ofensivas ni explotación de vulnerabilidades. Es Master y requiere permiso.",exchange_term,low,postgraduate,permission_required,spanish,unknown,backup_only,course_offering_2026_2027_v1_1,regular_icai,,
DTC-MIT-515,Arquitectura de Servicios en Red / Architecture of Network Services,Fall,Master,1-MIT,Unknown,Spanish,6.0,72.56,Automatización e Integración de Sistemas de Información,2,"Arquitectura de Servicios en Red aporta integración de servicios, sin cubrir explícitamente la automatización. Es Master y requiere permiso.",exchange_term,low,postgraduate,permission_required,spanish,unknown,backup_only,course_offering_2026_2027_v1_1,regular_icai,,
DTC-MIT-515,Arquitectura de Servicios en Red / Architecture of Network Services,Fall,Master,1-MIT,Unknown,Spanish,6.0,73.40,ARQUITECTURA DE MICROSERVICIOS,2,"Arquitectura de Servicios en Red se relaciona con el diseño de servicios distribuidos, aunque no confirma contenidos de microservicios, contenedores o Kubernetes. Es Master y requiere permiso.",exchange_term,low,postgraduate,permission_required,spanish,unknown,backup_only,course_offering_2026_2027_v1_1,regular_icai,,
DTC-MIT-515,Arquitectura de Servicios en Red / Architecture of Network Services,Fall,Master,1-MIT,Unknown,Spanish,6.0,81.57,Arquitectura de soluciones digitales,2,"Arquitectura de Servicios en Red aporta diseño de arquitectura técnica de servicios, pero su foco de comunicaciones no cubre por sí solo la arquitectura integral de soluciones ni CI/CD. Es Master y requiere permiso.",exchange_term,low,postgraduate,permission_required,spanish,unknown,backup_only,course_offering_2026_2027_v1_1,regular_icai,,
DTC-MIT-515,Arquitectura de Servicios en Red / Architecture of Network Services,Fall,Master,1-MIT,Unknown,Spanish,6.0,82.08,Cloud Computing,2,"Arquitectura de Servicios en Red se relaciona parcialmente con arquitecturas de servicios escalables, pero el catálogo no acredita IaaS/PaaS/SaaS, virtualización, contenedores, IaC ni operación cloud. Es Master y requiere permiso.",exchange_term,low,postgraduate,permission_required,spanish,unknown,backup_only,course_offering_2026_2027_v1_1,regular_icai,,
IBS-MBA-518,Planificación Estratégica / Strategic Planning,Fall,Master,1-MBA,Unknown,English,2.0,81.13,Futuros Posibles,2,"Planificación Estratégica se relaciona con construcción de visión y transformación organizacional, pero no con la disciplina de futuros. Es Master y requiere permiso para alumnos de último año.",exchange_term,low,postgraduate,permission_required,english,unknown,backup_only,course_offering_2026_2027_v1_1,regular_icai,,
IIM-DCC-301,Communication Skills (B2),All-year,Undergraduate,3-DCC,Unknown,English,3.0,94.64,Prácticas Expositivas,2,"Communication Skills (B2) puede aportar comunicación oral en inglés, pero no hay guía que confirme prácticas de oratoria, escenarios o presentaciones; candidato parcial-débil. Es All-year: 3 ECTS semestrales y requiere prueba/asignación de nivel.",exchange_term_all_year,medium,undergraduate,standard,english,unknown,backup_only,course_offering_2026_2027_v1_1,regular_icai,,
